feature,level,encounters,patients,positives,negatives,rate,cluster_se,ci_low,ci_high,sparse
diag_1,250,8043,6610,1040,7003,0.12930498570185253,0.005135307639142993,0.11923996767959885,0.1393700037241062,False
diag_1,428,6046,4922,865,5181,0.143069798213695,0.004734928849646793,0.13378950819902763,0.15235008822836238,False
diag_1,414,5661,5178,510,5151,0.09009009009009009,0.003902816439983257,0.08244071042945207,0.0977394697507281,False
diag_1,786,3673,3480,251,3422,0.06833650966512388,0.00431058734689833,0.059887913712989085,0.07678510561725867,False
diag_1,486,3153,2985,291,2862,0.0922930542340628,0.005222897753156352,0.08205636274294117,0.10252974572518442,False
diag_1,410,2769,2664,314,2455,0.11339833875045142,0.006066343179376582,0.10150852460101312,0.12528815289988973,False
diag_1,427,2491,2340,231,2260,0.09273384183059012,0.005995487276621115,0.08098290269864461,0.10448478096253563,False
diag_1,491,2111,1704,269,1842,0.12742775935575557,0.008533102506484914,0.11070318576665668,0.14415233294485447,False
diag_1,715,1931,1862,177,1754,0.09166235111341274,0.006620926918212763,0.07868557280944397,0.10463912941738152,False
diag_1,682,1888,1742,168,1720,0.08898305084745763,0.006508537018936208,0.07622655269829698,0.10173954899661827,False
diag_1,780,1815,1746,159,1656,0.08760330578512397,0.006753822878525327,0.0743660561852517,0.10084055538499624,False
diag_1,996,1760,1557,239,1521,0.13579545454545455,0.008561402094757874,0.11901541478256335,0.15257549430834574,False
diag_1,276,1708,1636,233,1475,0.1364168618266979,0.008462765152238151,0.11983014691869051,0.1530035767347053,False
diag_1,434,1691,1640,265,1426,0.15671200473092844,0.0089259814602117,0.13921740254224127,0.17420660691961562,False
diag_1,599,1467,1371,156,1311,0.10633946830265849,0.00811043985350004,0.0904432982910201,0.12223563831429687,False
diag_1,38,1392,1326,176,1216,0.12643678160919541,0.009157763082736711,0.10848789578808096,0.14438566743030987,False
diag_1,584,1366,1297,191,1175,0.1398243045387994,0.009461690693727745,0.12127973154623523,0.15836887753136358,False
diag_1,493,1008,857,92,916,0.09126984126984126,0.00894879068707837,0.07373053381798023,0.1088091487217023,False
diag_1,577,976,779,131,845,0.13422131147540983,0.013799302264474133,0.10717517602525853,0.16126744692556114,False
diag_1,V57,973,953,79,894,0.08119218910585817,0.008739023860091623,0.06406401708004239,0.09832036113167394,False
diag_1,820,957,944,149,808,0.15569487983281086,0.011813422555775098,0.13254099708933856,0.17884876257628315,False
diag_1,435,945,919,70,875,0.07407407407407407,0.008454772601506642,0.05750302427764504,0.09064512387050311,False
diag_1,562,932,864,82,850,0.08798283261802575,0.009177811217341262,0.06999465317512918,0.10597101206092233,False
diag_1,574,910,896,80,830,0.08791208791208792,0.00929237649528278,0.06969936465054714,0.1061248111736287,False
diag_1,518,850,774,100,750,0.11764705882352941,0.011659343525331139,0.09479516543050012,0.1404989522165587,False
diag_1,560,813,710,85,728,0.1045510455104551,0.010645879038811068,0.08368550601061553,0.12541658501029468,False
diag_1,296,810,703,65,745,0.08024691358024691,0.0101476934848512,0.060357799823786806,0.10013602733670701,False
diag_1,440,757,707,119,638,0.1571994715984148,0.013276554106658015,0.13117790371056776,0.18322103948626184,False
diag_1,998,707,680,79,628,0.11173974540311174,0.011673664544770274,0.08885978332775984,0.13461970747846363,False
diag_1,722,705,679,43,662,0.06099290780141844,0.010423008181078067,0.040564187155939097,0.08142162844689778,False
diag_1,433,698,665,66,632,0.09455587392550144,0.011079757449953499,0.07283994836615323,0.11627179948484964,False
diag_1,578,612,582,67,545,0.10947712418300654,0.01279329787028985,0.08440272111374547,0.1345515272522676,False
diag_1,789,533,514,61,472,0.11444652908067542,0.014031334942993998,0.08694561793738881,0.14194744022396202,False
diag_1,453,507,488,54,453,0.10650887573964497,0.013841878484297026,0.07937929243204295,0.133638459047247,False
diag_1,530,499,488,45,454,0.09018036072144289,0.013317482881058544,0.06407857390983944,0.11628214753304635,False
diag_1,8,485,446,71,414,0.1463917525773196,0.01628533523244717,0.11447308204556192,0.17831042310907727,False
diag_1,403,474,444,72,402,0.1518987341772152,0.016698852799776787,0.11916958410651686,0.18462788424791354,False
diag_1,507,459,425,79,380,0.1721132897603486,0.017544685833275796,0.13772633740705792,0.20650024211363927,False
diag_1,402,426,411,47,379,0.11032863849765258,0.015027111323880578,0.08087604151117264,0.13978123548413252,False
diag_1,724,412,409,37,375,0.08980582524271845,0.014037466017354632,0.06229289741449847,0.11731875307093842,False
diag_1,535,411,405,34,377,0.0827250608272506,0.013550181666371845,0.05616719277718686,0.10928292887731435,False
diag_1,415,404,394,38,366,0.09405940594059406,0.014419531800989071,0.0657976429367255,0.12232116894446261,False
diag_1,295,403,296,37,366,0.09181141439205956,0.015507425524916385,0.06141741887028632,0.1222054099138328,False
diag_1,458,388,376,37,351,0.09536082474226804,0.014868027170618726,0.06622002696669238,0.12450162251784369,False
diag_1,278,368,366,18,350,0.04891304347826087,0.011261960763353476,0.026840005986784852,0.0709860809697369,False
diag_1,997,365,342,34,331,0.09315068493150686,0.014814315258642212,0.06411516056894595,0.12218620929406776,False
diag_1,285,331,318,45,286,0.13595166163141995,0.020012431082426434,0.09672801746677422,0.17517530579606566,False
diag_1,592,330,312,32,298,0.09696969696969697,0.015652643572030642,0.06629107930567454,0.1276483146337194,False
diag_1,733,329,321,38,291,0.11550151975683891,0.01792481350346921,0.08036953086044205,0.15063350865323577,False
diag_1,162,328,306,36,292,0.10975609756097561,0.0175403845444937,0.07537757557878497,0.14413461954316625,False
diag_1,401,320,306,31,289,0.096875,0.01723617123391711,0.06309272515015718,0.13065727484984282,False
diag_1,558,319,315,39,280,0.12225705329153605,0.018336724245218025,0.08631773417646632,0.15819637240660578,False
diag_1,590,316,301,22,294,0.06962025316455696,0.014802583143959457,0.04060772332423675,0.09863278300487717,False
diag_1,482,310,282,42,268,0.13548387096774195,0.019284542016962395,0.09768686315614625,0.17328087877933765,False
diag_1,280,302,288,30,272,0.09933774834437085,0.017459466484707822,0.06511782284505939,0.13355767384368233,False
diag_1,824,297,292,42,255,0.1414141414141414,0.020326662986353564,0.10157461403500506,0.18125366879327776,False
diag_1,153,272,266,27,245,0.09926470588235294,0.01858035576111386,0.06284787777062847,0.1356815339940774,False
diag_1,648,272,250,21,251,0.07720588235294118,0.017800491634126458,0.0423175598429468,0.11209420486293556,False
diag_1,569,263,253,25,238,0.09505703422053231,0.018458359355240223,0.058879314670563516,0.13123475377050112,False
diag_1,531,260,257,21,239,0.08076923076923077,0.01694864620503571,0.04755049462064933,0.11398796691781221,False
diag_1,426,260,260,25,235,0.09615384615384616,0.018318111806859484,0.060251006747623646,0.13205668556006867,False
diag_1,787,249,243,46,203,0.18473895582329317,0.024850965977378407,0.1360319575266013,0.23344595411998503,False
diag_1,404,245,233,31,214,0.12653061224489795,0.021438374186334763,0.08451217095258864,0.16854905353720726,False
diag_1,197,236,219,41,195,0.17372881355932204,0.026366645242820935,0.12205113849024868,0.2254064886283954,False
diag_1,511,235,221,37,198,0.1574468085106383,0.024278465447274255,0.10986189063408064,0.20503172638719597,False
diag_1,466,224,222,23,201,0.10267857142857142,0.0202463381215549,0.0629964778915035,0.14236066496563934,False
diag_1,571,224,199,40,184,0.17857142857142858,0.027957081254924597,0.12377655619891653,0.23336630094394062,False
diag_1,707,219,209,41,178,0.1872146118721461,0.026935950780195953,0.13442111845361848,0.24000810529067373,False
diag_1,552,219,208,21,198,0.0958904109589041,0.02050816282857617,0.055695150425811746,0.13608567149199646,False
diag_1,V58,219,158,94,125,0.4292237442922374,0.032623642125542515,0.36528258068165037,0.49316490790282447,False
diag_1,812,216,211,22,194,0.10185185185185185,0.02025371059945466,0.062155308523623574,0.1415483951800801,False
diag_1,730,214,201,30,184,0.14018691588785046,0.0243159106384701,0.09252860678515473,0.18784522499054618,False
diag_1,575,206,199,25,181,0.12135922330097088,0.02296088007811765,0.07635672529451706,0.1663617213074247,False
diag_1,572,199,154,41,158,0.20603015075376885,0.026874615886762043,0.1533568715173673,0.2587034299901704,False
diag_1,532,197,193,16,181,0.08121827411167512,0.01911286396227078,0.04375774910421089,0.11867879911913935,False
diag_1,600,196,195,24,172,0.12244897959183673,0.023491521053274265,0.07640644438535475,0.1684915147983187,False
diag_1,411,193,191,19,174,0.09844559585492228,0.021276862737072313,0.05674371118625825,0.14014748052358633,False
diag_1,198,193,176,31,162,0.16062176165803108,0.025721468359020186,0.11020861004486496,0.2110349132711972,False
diag_1,540,187,187,7,180,0.0374331550802139,,,,True
diag_1,805,174,171,19,155,0.10919540229885058,0.024832125165657123,0.06052533131457191,0.15786547328312925,False
diag_1,721,168,168,12,156,0.07142857142857142,0.019928995307479457,0.03236845837784396,0.11048868447929888,False
diag_1,185,165,160,9,156,0.05454545454545454,,,,True
diag_1,331,162,154,18,144,0.1111111111111111,0.02545072566667507,0.061228605424018825,0.1609936167982034,False
diag_1,557,160,158,18,142,0.1125,0.024922744634958065,0.06365231811959335,0.16134768188040666,False
diag_1,618,154,153,4,150,0.025974025974025976,,,,True
diag_1,424,148,144,17,131,0.11486486486486487,0.02619276303693526,0.0635279926568798,0.16620173707284994,False
diag_1,784,144,139,9,135,0.0625,,,,True
diag_1,536,142,129,20,122,0.14084507042253522,0.03038929461040721,0.08128314747055992,0.2004069933745105,False
diag_1,821,140,139,15,125,0.10714285714285714,0.026257197639912334,0.05567969543367887,0.1586060188520354,False
diag_1,174,138,137,11,127,0.07971014492753623,0.022972079671817407,0.03468569612078942,0.12473459373428303,False
diag_1,436,137,136,16,121,0.11678832116788321,0.027567232527446663,0.06275753826064667,0.17081910407511974,False
diag_1,386,135,133,4,131,0.02962962962962963,,,,True
diag_1,444,135,129,22,113,0.16296296296296298,0.03133467883320293,0.1015481209827557,0.22437780494317025,False
diag_1,564,135,133,15,120,0.1111111111111111,0.02720052071425044,0.057799070150444554,0.16442315207177766,False
diag_1,790,133,131,27,106,0.20300751879699247,0.03448183422462456,0.13542436559584775,0.2705906719981372,False
diag_1,553,128,126,9,119,0.0703125,,,,True
diag_1,348,126,123,21,105,0.16666666666666666,0.03563830933283934,0.09681686390440389,0.23651646942892943,False
diag_1,808,125,123,19,106,0.152,0.03340338389062195,0.08653057061261556,0.21746942938738445,False
diag_1,823,121,117,12,109,0.09917355371900827,0.028628252043042986,0.043063210774308816,0.15528389666370773,False
diag_1,218,121,120,1,120,0.008264462809917356,,,,True
diag_1,398,119,110,16,103,0.13445378151260504,0.0353360748935249,0.06519634736628623,0.20371121565892386,False
diag_1,189,114,109,9,105,0.07894736842105263,,,,True
diag_1,515,113,109,14,99,0.12389380530973451,0.030659376749670418,0.06380253109193582,0.1839850795275332,False
diag_1,681,111,109,13,98,0.11711711711711711,0.030421545318353983,0.05749198393909023,0.176742250295144,False
diag_1,728,109,108,12,97,0.11009174311926606,0.029842511645876587,0.05160149508513084,0.16858199115340128,False
diag_1,441,108,104,9,99,0.08333333333333333,,,,True
diag_1,188,107,95,10,97,0.09345794392523364,0.027520251120950568,0.039519242882672494,0.14739664496779478,False
diag_1,431,104,104,10,94,0.09615384615384616,0.02904771501861391,0.039221370884179686,0.15308632142351264,False
diag_1,413,104,103,10,94,0.09615384615384616,0.029078783639277326,0.039160477506630056,0.15314721480106225,False
diag_1,537,102,95,17,85,0.16666666666666666,0.03598877567683921,0.09612996249237073,0.2372033708409626,False
diag_1,345,100,96,7,93,0.07,,,,True
diag_1,182,99,99,5,94,0.050505050505050504,,,,True
diag_1,781,99,98,12,87,0.12121212121212122,0.03301633514316874,0.05650129343000641,0.185922948994236,False
diag_1,443,98,95,21,77,0.21428571428571427,0.04201551284113693,0.13193682232510576,0.29663460624632276,False
diag_1,729,96,96,10,86,0.10416666666666667,0.03134124107007994,0.042738962938522425,0.16559437039481092,False
diag_1,487,96,95,9,87,0.09375,,,,True
diag_1,211,96,96,5,91,0.052083333333333336,,,,True
diag_1,785,95,95,10,85,0.10526315789473684,0.03165351405398113,0.043223410364801394,0.16730290542467227,False
diag_1,459,93,92,8,85,0.08602150537634409,,,,True
diag_1,654,92,92,1,91,0.010869565217391304,,,,True
diag_1,292,92,90,11,81,0.11956521739130435,0.03369496663358041,0.05352429632920794,0.18560613845340077,False
diag_1,274,89,87,11,78,0.12359550561797752,0.034748535326478154,0.05548962786256259,0.19170138337339246,False
diag_1,294,89,88,8,81,0.0898876404494382,,,,True
diag_1,288,88,86,13,75,0.14772727272727273,0.04053471669559932,0.06828068788036366,0.2271738575741818,False
diag_1,726,87,87,3,84,0.034482758620689655,,,,True
diag_1,202,87,81,18,69,0.20689655172413793,0.04847300176585341,0.11189121404051884,0.30190188940775703,False
diag_1,595,87,83,8,79,0.09195402298850575,,,,True
diag_1,593,87,85,17,70,0.19540229885057472,0.043791138217439164,0.10957324510237845,0.28123135259877097,False
diag_1,490,86,86,7,79,0.08139534883720931,,,,True
diag_1,576,86,82,14,72,0.16279069767441862,0.03929657156776497,0.08577083268569861,0.2398105626631386,False
diag_1,437,84,83,10,74,0.11904761904761904,0.03512338255343659,0.05020705422766086,0.18788818386757722,False
diag_1,455,84,83,4,80,0.047619047619047616,,,,True
diag_1,79,83,83,7,76,0.08433734939759036,,,,True
diag_1,782,82,81,6,76,0.07317073170731707,,,,True
diag_1,566,82,81,1,81,0.012195121951219513,,,,True
diag_1,813,81,80,7,74,0.08641975308641975,,,,True
diag_1,287,81,74,14,67,0.1728395061728395,0.039275790290240004,0.09586037173962116,0.24981864060605785,False
diag_1,157,80,79,12,68,0.15,0.039671502681395875,0.07224528353187992,0.22775471646812007,False
diag_1,154,80,76,5,75,0.0625,,,,True
diag_1,346,79,72,3,76,0.0379746835443038,,,,True
diag_1,300,79,75,6,73,0.0759493670886076,,,,True
diag_1,291,78,74,7,71,0.08974358974358974,,,,True
diag_1,852,78,77,10,68,0.1282051282051282,0.03761063046670237,0.05448964705454669,0.2019206093557097,False
diag_1,807,77,73,7,70,0.09090909090909091,,,,True
diag_1,438,76,74,14,62,0.18421052631578946,0.046179189197848344,0.09370097865274563,0.2747200739788333,False
diag_1,626,75,75,3,72,0.04,,,,True
diag_1,425,75,74,5,70,0.06666666666666667,,,,True
diag_1,995,75,73,7,68,0.09333333333333334,,,,True
diag_1,290,71,70,5,66,0.07042253521126761,,,,True
diag_1,723,71,70,3,68,0.04225352112676056,,,,True
diag_1,496,69,67,8,61,0.11594202898550725,,,,True
diag_1,481,68,67,3,65,0.04411764705882353,,,,True
diag_1,432,68,67,7,61,0.10294117647058823,,,,True
diag_1,608,66,63,9,57,0.13636363636363635,,,,True
diag_1,112,66,64,13,53,0.19696969696969696,0.04970701616092066,0.09954573551534208,0.29439365842405185,False
diag_1,585,62,61,8,54,0.12903225806451613,,,,True
diag_1,423,62,61,11,51,0.1774193548387097,0.0481241386246868,0.08309777634731066,0.27174093333010874,False
diag_1,416,62,61,5,57,0.08064516129032258,,,,True
diag_1,642,62,61,6,56,0.0967741935483871,,,,True
diag_1,282,61,20,12,49,0.19672131147540983,,,,True
diag_1,V55,60,60,2,58,0.03333333333333333,,,,True
diag_1,625,60,60,3,57,0.05,,,,True
diag_1,303,60,54,5,55,0.08333333333333333,,,,True
diag_1,447,59,58,10,49,0.1694915254237288,0.049441728835639825,0.07258751757247932,0.2663955332749783,False
diag_1,420,59,58,10,49,0.1694915254237288,0.048429280121543274,0.07457188058830246,0.26441117025915517,False
diag_1,799,59,58,6,53,0.1016949152542373,,,,True
diag_1,711,58,56,6,52,0.10344827586206896,,,,True
diag_1,238,56,52,7,49,0.125,,,,True
diag_1,284,55,50,10,45,0.18181818181818182,0.04924829661065929,0.08529329416134364,0.27834306947502,False
diag_1,567,55,45,14,41,0.2545454545454545,0.056790096193571435,0.14323891132748934,0.3658519977634197,False
diag_1,719,53,52,6,47,0.11320754716981132,,,,True
diag_1,850,53,53,1,52,0.018867924528301886,,,,True
diag_1,241,52,52,5,47,0.09615384615384616,,,,True
diag_1,53,52,52,6,46,0.11538461538461539,,,,True
diag_1,151,52,52,3,49,0.057692307692307696,,,,True
diag_1,924,51,51,5,46,0.09803921568627451,,,,True
diag_1,716,50,49,5,45,0.1,,,,True
diag_1,332,50,48,7,43,0.14,,,,True
diag_1,550,50,49,5,45,0.1,,,,True
diag_1,555,49,47,3,46,0.061224489795918366,,,,True
diag_1,275,49,49,4,45,0.08163265306122448,,,,True
diag_1,311,49,49,1,48,0.02040816326530612,,,,True
diag_1,738,47,47,5,42,0.10638297872340426,,,,True
diag_1,620,46,42,1,45,0.021739130434782608,,,,True
diag_1,465,46,46,3,43,0.06521739130434782,,,,True
diag_1,253,46,45,4,42,0.08695652173913043,,,,True
diag_1,727,45,44,5,40,0.1111111111111111,,,,True
diag_1,220,45,45,3,42,0.06666666666666667,,,,True
diag_1,298,45,45,3,42,0.06666666666666667,,,,True
diag_1,822,45,44,5,40,0.1111111111111111,,,,True
diag_1,959,44,44,5,39,0.11363636363636363,,,,True
diag_1,596,43,43,3,40,0.06976744186046512,,,,True
diag_1,V54,43,43,1,42,0.023255813953488372,,,,True
diag_1,512,43,40,8,35,0.18604651162790697,,,,True
diag_1,9,43,42,2,41,0.046511627906976744,,,,True
diag_1,227,42,42,2,40,0.047619047619047616,,,,True
diag_1,965,42,41,7,35,0.16666666666666666,,,,True
diag_1,286,41,41,4,37,0.0975609756097561,,,,True
diag_1,70,41,36,6,35,0.14634146341463414,,,,True
diag_1,962,41,41,3,38,0.07317073170731707,,,,True
diag_1,V53,41,41,1,40,0.024390243902439025,,,,True
diag_1,293,40,39,5,35,0.125,,,,True
diag_1,519,40,40,5,35,0.125,,,,True
diag_1,155,40,40,3,37,0.075,,,,True
diag_1,556,39,35,2,37,0.05128205128205128,,,,True
diag_1,42,39,33,5,34,0.1282051282051282,,,,True
diag_1,922,39,38,6,33,0.15384615384615385,,,,True
diag_1,451,39,39,4,35,0.10256410256410256,,,,True
diag_1,788,38,38,6,32,0.15789473684210525,,,,True
diag_1,225,38,36,5,33,0.13157894736842105,,,,True
diag_1,514,37,35,8,29,0.21621621621621623,,,,True
diag_1,485,37,37,4,33,0.10810810810810811,,,,True
diag_1,340,36,24,7,29,0.19444444444444445,,,,True
diag_1,191,36,34,5,31,0.1388888888888889,,,,True
diag_1,573,35,35,3,32,0.08571428571428572,,,,True
diag_1,309,35,34,4,31,0.11428571428571428,,,,True
diag_1,604,34,33,4,30,0.11764705882352941,,,,True
diag_1,333,34,33,3,31,0.08823529411764706,,,,True
diag_1,277,33,25,4,29,0.12121212121212122,,,,True
diag_1,860,33,32,6,27,0.18181818181818182,,,,True
diag_1,421,32,30,6,26,0.1875,,,,True
diag_1,714,32,32,5,27,0.15625,,,,True
diag_1,659,32,32,1,31,0.03125,,,,True
diag_1,969,32,31,3,29,0.09375,,,,True
diag_1,442,31,31,3,28,0.0967741935483871,,,,True
diag_1,611,31,31,3,28,0.0967741935483871,,,,True
diag_1,478,31,30,5,26,0.16129032258064516,,,,True
diag_1,349,31,30,3,28,0.0967741935483871,,,,True
diag_1,492,30,28,3,27,0.1,,,,True
diag_1,516,30,29,4,26,0.13333333333333333,,,,True
diag_1,844,29,29,1,28,0.034482758620689655,,,,True
diag_1,239,29,29,7,22,0.2413793103448276,,,,True
diag_1,783,29,29,3,26,0.10344827586206896,,,,True
diag_1,351,29,29,1,28,0.034482758620689655,,,,True
diag_1,851,28,28,2,26,0.07142857142857142,,,,True
diag_1,510,28,28,1,27,0.03571428571428571,,,,True
diag_1,802,28,28,2,26,0.07142857142857142,,,,True
diag_1,429,28,28,4,24,0.14285714285714285,,,,True
diag_1,193,27,26,2,25,0.07407407407407407,,,,True
diag_1,304,27,27,0,27,0.0,,,,True
diag_1,233,27,27,1,26,0.037037037037037035,,,,True
diag_1,644,27,27,4,23,0.14814814814814814,,,,True
diag_1,568,27,27,3,24,0.1111111111111111,,,,True
diag_1,203,27,26,5,22,0.18518518518518517,,,,True
diag_1,801,26,26,1,25,0.038461538461538464,,,,True
diag_1,47,26,26,2,24,0.07692307692307693,,,,True
diag_1,658,26,26,2,24,0.07692307692307693,,,,True
diag_1,150,26,25,5,21,0.19230769230769232,,,,True
diag_1,135,25,21,0,25,0.0,,,,True
diag_1,283,25,25,1,24,0.04,,,,True
diag_1,522,25,25,0,25,0.0,,,,True
diag_1,305,25,25,2,23,0.08,,,,True
diag_1,183,25,24,3,22,0.12,,,,True
diag_1,661,25,25,0,25,0.0,,,,True
diag_1,396,25,25,5,20,0.2,,,,True
diag_1,794,24,24,2,22,0.08333333333333333,,,,True
diag_1,494,24,20,4,20,0.16666666666666666,,,,True
diag_1,307,24,22,3,21,0.125,,,,True
diag_1,710,24,24,2,22,0.08333333333333333,,,,True
diag_1,616,23,23,0,23,0.0,,,,True
diag_1,473,23,23,3,20,0.13043478260869565,,,,True
diag_1,825,23,23,2,21,0.08695652173913043,,,,True
diag_1,327,23,23,2,21,0.08695652173913043,,,,True
diag_1,999,23,23,2,21,0.08695652173913043,,,,True
diag_1,446,22,20,2,20,0.09090909090909091,,,,True
diag_1,252,22,21,2,20,0.09090909090909091,,,,True
diag_1,534,22,22,2,20,0.09090909090909091,,,,True
diag_1,621,21,21,0,21,0.0,,,,True
diag_1,255,21,20,4,17,0.19047619047619047,,,,True
diag_1,533,21,21,2,19,0.09523809523809523,,,,True
diag_1,693,21,21,2,19,0.09523809523809523,,,,True
diag_1,242,21,20,4,17,0.19047619047619047,,,,True
diag_1,196,21,21,3,18,0.14285714285714285,,,,True
diag_1,614,21,20,1,20,0.047619047619047616,,,,True
diag_1,527,21,20,1,20,0.047619047619047616,,,,True
diag_1,920,21,21,2,19,0.09523809523809523,,,,True
diag_1,235,21,21,1,20,0.047619047619047616,,,,True
diag_1,656,20,20,0,20,0.0,,,,True
diag_1,380,20,19,1,19,0.05,,,,True
diag_1,664,20,20,0,20,0.0,,,,True
diag_1,617,19,19,1,18,0.05263157894736842,,,,True
diag_1,338,19,16,6,13,0.3157894736842105,,,,True
diag_1,456,19,19,2,17,0.10526315789473684,,,,True
diag_1,586,18,18,5,13,0.2777777777777778,,,,True
diag_1,958,18,18,1,17,0.05555555555555555,,,,True
diag_1,627,18,18,1,17,0.05555555555555555,,,,True
diag_1,461,18,18,1,17,0.05555555555555555,,,,True
diag_1,591,17,17,2,15,0.11764705882352941,,,,True
diag_1,528,17,16,0,17,0.0,,,,True
diag_1,430,17,17,2,15,0.11764705882352941,,,,True
diag_1,607,17,17,1,16,0.058823529411764705,,,,True
diag_1,289,17,17,1,16,0.058823529411764705,,,,True
diag_1,355,17,17,1,16,0.058823529411764705,,,,True
diag_1,281,17,17,6,11,0.35294117647058826,,,,True
diag_1,205,17,17,1,16,0.058823529411764705,,,,True
diag_1,718,17,17,3,14,0.17647058823529413,,,,True
diag_1,226,17,17,0,17,0.0,,,,True
diag_1,204,16,13,7,9,0.4375,,,,True
diag_1,312,16,11,3,13,0.1875,,,,True
diag_1,601,16,16,0,16,0.0,,,,True
diag_1,480,16,16,1,15,0.0625,,,,True
diag_1,357,16,15,2,14,0.125,,,,True
diag_1,756,15,15,3,12,0.2,,,,True
diag_1,V56,15,15,0,15,0.0,,,,True
diag_1,Unknown,15,15,4,11,0.26666666666666666,,,,True
diag_1,581,15,15,2,13,0.13333333333333333,,,,True
diag_1,853,15,14,3,12,0.2,,,,True
diag_1,873,15,15,0,15,0.0,,,,True
diag_1,513,14,14,1,13,0.07142857142857142,,,,True
diag_1,251,14,14,2,12,0.14285714285714285,,,,True
diag_1,867,14,14,0,14,0.0,,,,True
diag_1,840,14,14,0,14,0.0,,,,True
diag_1,200,14,14,4,10,0.2857142857142857,,,,True
diag_1,736,14,14,2,12,0.14285714285714285,,,,True
diag_1,652,13,13,0,13,0.0,,,,True
diag_1,475,13,13,3,10,0.23076923076923078,,,,True
diag_1,378,13,13,0,13,0.0,,,,True
diag_1,680,13,13,1,12,0.07692307692307693,,,,True
diag_1,972,13,13,2,11,0.15384615384615385,,,,True
diag_1,594,13,13,2,11,0.15384615384615385,,,,True
diag_1,152,13,11,4,9,0.3076923076923077,,,,True
diag_1,358,12,11,5,7,0.4166666666666667,,,,True
diag_1,297,12,11,2,10,0.16666666666666666,,,,True
diag_1,199,12,12,3,9,0.25,,,,True
diag_1,368,12,12,2,10,0.16666666666666666,,,,True
diag_1,310,12,12,2,10,0.16666666666666666,,,,True
diag_1,847,12,12,1,11,0.08333333333333333,,,,True
diag_1,156,12,12,1,11,0.08333333333333333,,,,True
diag_1,660,12,12,1,11,0.08333333333333333,,,,True
diag_1,933,12,12,1,11,0.08333333333333333,,,,True
diag_1,725,11,10,0,11,0.0,,,,True
diag_1,457,11,9,4,7,0.36363636363636365,,,,True
diag_1,521,11,11,0,11,0.0,,,,True
diag_1,3,11,11,0,11,0.0,,,,True
diag_1,945,11,11,0,11,0.0,,,,True
diag_1,843,11,11,0,11,0.0,,,,True
diag_1,892,11,11,0,11,0.0,,,,True
diag_1,935,11,11,1,10,0.09090909090909091,,,,True
diag_1,158,11,10,1,10,0.09090909090909091,,,,True
diag_1,376,10,9,1,9,0.1,,,,True
diag_1,845,10,10,0,10,0.0,,,,True
diag_1,861,10,10,1,9,0.1,,,,True
diag_1,646,10,9,3,7,0.3,,,,True
diag_1,810,10,10,0,10,0.0,,,,True
diag_1,35,10,10,0,10,0.0,,,,True
diag_1,350,10,10,3,7,0.3,,,,True
diag_1,171,10,10,2,8,0.2,,,,True
diag_1,695,10,10,1,9,0.1,,,,True
diag_1,891,10,10,0,10,0.0,,,,True
diag_1,967,10,10,2,8,0.2,,,,True
diag_1,565,10,10,0,10,0.0,,,,True
diag_1,462,10,10,0,10,0.0,,,,True
diag_1,705,10,9,1,9,0.1,,,,True
diag_1,989,10,10,1,9,0.1,,,,True
diag_1,244,10,10,0,10,0.0,,,,True
diag_1,323,10,10,0,10,0.0,,,,True
diag_1,54,10,10,1,9,0.1,,,,True
diag_1,882,10,10,1,9,0.1,,,,True
diag_1,992,9,9,0,9,0.0,,,,True
diag_1,88,9,9,1,8,0.1111111111111111,,,,True
diag_1,952,9,9,1,8,0.1111111111111111,,,,True
diag_1,641,9,8,0,9,0.0,,,,True
diag_1,V71,9,9,0,9,0.0,,,,True
diag_1,5,9,9,1,8,0.1111111111111111,,,,True
diag_1,541,9,9,1,8,0.1111111111111111,,,,True
diag_1,394,9,9,1,8,0.1111111111111111,,,,True
diag_1,263,9,9,4,5,0.4444444444444444,,,,True
diag_1,464,9,8,2,7,0.2222222222222222,,,,True
diag_1,337,9,9,0,9,0.0,,,,True
diag_1,184,9,9,0,9,0.0,,,,True
diag_1,230,9,9,1,8,0.1111111111111111,,,,True
diag_1,354,9,9,1,8,0.1111111111111111,,,,True
diag_1,383,9,9,1,8,0.1111111111111111,,,,True
diag_1,306,9,9,1,8,0.1111111111111111,,,,True
diag_1,161,9,9,1,8,0.1111111111111111,,,,True
diag_1,11,9,9,0,9,0.0,,,,True
diag_1,117,8,8,0,8,0.0,,,,True
diag_1,588,8,8,2,6,0.25,,,,True
diag_1,78,8,8,0,8,0.0,,,,True
diag_1,864,8,8,0,8,0.0,,,,True
diag_1,816,8,8,0,8,0.0,,,,True
diag_1,831,8,8,0,8,0.0,,,,True
diag_1,342,8,8,0,8,0.0,,,,True
diag_1,41,8,8,0,8,0.0,,,,True
diag_1,551,8,8,1,7,0.125,,,,True
diag_1,708,8,8,0,8,0.0,,,,True
diag_1,977,8,8,0,8,0.0,,,,True
diag_1,968,8,8,1,7,0.125,,,,True
diag_1,212,8,8,0,8,0.0,,,,True
diag_1,970,8,8,0,8,0.0,,,,True
diag_1,163,7,7,0,7,0.0,,,,True
diag_1,454,7,7,0,7,0.0,,,,True
diag_1,663,7,7,0,7,0.0,,,,True
diag_1,579,7,7,0,7,0.0,,,,True
diag_1,V63,7,7,1,6,0.14285714285714285,,,,True
diag_1,201,7,7,1,6,0.14285714285714285,,,,True
diag_1,746,7,7,0,7,0.0,,,,True
diag_1,964,7,7,2,5,0.2857142857142857,,,,True
diag_1,745,7,7,0,7,0.0,,,,True
diag_1,362,7,7,0,7,0.0,,,,True
diag_1,526,7,7,3,4,0.42857142857142855,,,,True
diag_1,717,7,7,1,6,0.14285714285714285,,,,True
diag_1,335,7,7,0,7,0.0,,,,True
diag_1,34,7,7,2,5,0.2857142857142857,,,,True
diag_1,709,7,7,1,6,0.14285714285714285,,,,True
diag_1,223,7,7,0,7,0.0,,,,True
diag_1,866,7,7,0,7,0.0,,,,True
diag_1,865,7,7,0,7,0.0,,,,True
diag_1,696,6,5,2,4,0.3333333333333333,,,,True
diag_1,214,6,6,0,6,0.0,,,,True
diag_1,66,6,6,0,6,0.0,,,,True
diag_1,685,6,6,1,5,0.16666666666666666,,,,True
diag_1,359,6,6,2,4,0.3333333333333333,,,,True
diag_1,273,6,6,0,6,0.0,,,,True
diag_1,210,6,6,0,6,0.0,,,,True
diag_1,272,6,6,0,6,0.0,,,,True
diag_1,737,6,6,1,5,0.16666666666666666,,,,True
diag_1,353,6,6,0,6,0.0,,,,True
diag_1,686,6,6,0,6,0.0,,,,True
diag_1,195,6,5,2,4,0.3333333333333333,,,,True
diag_1,320,6,6,0,6,0.0,,,,True
diag_1,82,6,5,3,3,0.5,,,,True
diag_1,570,6,6,1,5,0.16666666666666666,,,,True
diag_1,991,6,6,0,6,0.0,,,,True
diag_1,344,6,5,0,6,0.0,,,,True
diag_1,836,6,6,0,6,0.0,,,,True
diag_1,883,6,6,0,6,0.0,,,,True
diag_1,890,6,6,1,5,0.16666666666666666,,,,True
diag_1,141,6,5,1,5,0.16666666666666666,,,,True
diag_1,445,6,6,2,4,0.3333333333333333,,,,True
diag_1,237,5,5,0,5,0.0,,,,True
diag_1,881,5,5,0,5,0.0,,,,True
diag_1,136,5,5,0,5,0.0,,,,True
diag_1,942,5,4,1,4,0.2,,,,True
diag_1,228,5,5,0,5,0.0,,,,True
diag_1,94,5,5,1,4,0.2,,,,True
diag_1,934,5,5,0,5,0.0,,,,True
diag_1,835,5,5,0,5,0.0,,,,True
diag_1,583,5,2,0,5,0.0,,,,True
diag_1,215,5,5,0,5,0.0,,,,True
diag_1,508,5,5,2,3,0.4,,,,True
diag_1,V45,5,5,0,5,0.0,,,,True
diag_1,361,5,5,0,5,0.0,,,,True
diag_1,796,5,5,1,4,0.2,,,,True
diag_1,379,5,5,0,5,0.0,,,,True
diag_1,893,5,5,0,5,0.0,,,,True
diag_1,598,5,5,1,4,0.2,,,,True
diag_1,694,5,5,0,5,0.0,,,,True
diag_1,655,5,5,0,5,0.0,,,,True
diag_1,747,5,5,0,5,0.0,,,,True
diag_1,647,5,5,0,5,0.0,,,,True
diag_1,751,5,5,0,5,0.0,,,,True
diag_1,753,5,4,1,4,0.2,,,,True
diag_1,643,5,3,3,2,0.6,,,,True
diag_1,397,5,4,1,4,0.2,,,,True
diag_1,815,5,5,0,5,0.0,,,,True
diag_1,463,5,5,0,5,0.0,,,,True
diag_1,983,5,5,0,5,0.0,,,,True
diag_1,814,5,5,0,5,0.0,,,,True
diag_1,483,5,5,0,5,0.0,,,,True
diag_1,759,5,5,0,5,0.0,,,,True
diag_1,792,5,5,1,4,0.2,,,,True
diag_1,622,5,5,0,5,0.0,,,,True
diag_1,175,5,5,0,5,0.0,,,,True
diag_1,341,5,5,2,3,0.4,,,,True
diag_1,619,5,4,1,4,0.2,,,,True
diag_1,180,5,5,0,5,0.0,,,,True
diag_1,854,5,5,1,4,0.2,,,,True
diag_1,734,4,4,0,4,0.0,,,,True
diag_1,793,4,4,0,4,0.0,,,,True
diag_1,324,4,4,0,4,0.0,,,,True
diag_1,731,4,1,3,1,0.75,,,,True
diag_1,886,4,4,0,4,0.0,,,,True
diag_1,916,4,4,0,4,0.0,,,,True
diag_1,966,4,4,0,4,0.0,,,,True
diag_1,863,4,4,0,4,0.0,,,,True
diag_1,623,4,4,1,3,0.25,,,,True
diag_1,474,4,4,0,4,0.0,,,,True
diag_1,633,4,4,0,4,0.0,,,,True
diag_1,452,4,3,1,3,0.25,,,,True
diag_1,495,4,4,0,4,0.0,,,,True
diag_1,142,4,4,0,4,0.0,,,,True
diag_1,674,4,4,0,4,0.0,,,,True
diag_1,172,4,4,1,3,0.25,,,,True
diag_1,179,4,4,1,3,0.25,,,,True
diag_1,692,4,4,0,4,0.0,,,,True
diag_1,388,4,4,0,4,0.0,,,,True
diag_1,245,4,4,0,4,0.0,,,,True
diag_1,382,4,3,1,3,0.25,,,,True
diag_1,301,4,4,0,4,0.0,,,,True
diag_1,524,4,4,0,4,0.0,,,,True
diag_1,529,4,4,1,3,0.25,,,,True
diag_1,923,4,4,0,4,0.0,,,,True
diag_1,720,4,4,0,4,0.0,,,,True
diag_1,470,4,4,0,4,0.0,,,,True
diag_1,846,3,3,0,3,0.0,,,,True
diag_1,826,3,3,1,2,0.3333333333333333,,,,True
diag_1,236,3,3,0,3,0.0,,,,True
diag_1,879,3,3,0,3,0.0,,,,True
diag_1,261,3,3,0,3,0.0,,,,True
diag_1,862,3,3,0,3,0.0,,,,True
diag_1,266,3,3,0,3,0.0,,,,True
diag_1,31,3,3,1,2,0.3333333333333333,,,,True
diag_1,271,3,1,3,0,1.0,,,,True
diag_1,806,3,3,1,2,0.3333333333333333,,,,True
diag_1,868,3,3,0,3,0.0,,,,True
diag_1,800,3,3,0,3,0.0,,,,True
diag_1,795,3,3,0,3,0.0,,,,True
diag_1,308,3,3,0,3,0.0,,,,True
diag_1,706,3,3,0,3,0.0,,,,True
diag_1,405,3,3,0,3,0.0,,,,True
diag_1,173,3,3,0,3,0.0,,,,True
diag_1,602,3,3,0,3,0.0,,,,True
diag_1,603,3,3,0,3,0.0,,,,True
diag_1,506,3,3,2,1,0.6666666666666666,,,,True
diag_1,501,3,3,0,3,0.0,,,,True
diag_1,146,3,2,2,1,0.6666666666666666,,,,True
diag_1,49,3,3,0,3,0.0,,,,True
diag_1,632,3,3,0,3,0.0,,,,True
diag_1,986,3,3,0,3,0.0,,,,True
diag_1,971,3,3,1,2,0.3333333333333333,,,,True
diag_1,395,3,3,0,3,0.0,,,,True
diag_1,665,3,3,0,3,0.0,,,,True
diag_1,669,3,3,0,3,0.0,,,,True
diag_1,240,3,3,0,3,0.0,,,,True
diag_1,921,3,3,0,3,0.0,,,,True
diag_1,192,3,3,0,3,0.0,,,,True
diag_1,928,3,3,1,2,0.3333333333333333,,,,True
diag_1,377,3,3,0,3,0.0,,,,True
diag_1,356,3,3,1,2,0.3333333333333333,,,,True
diag_1,374,3,3,1,2,0.3333333333333333,,,,True
diag_1,917,3,3,0,3,0.0,,,,True
diag_1,370,3,3,0,3,0.0,,,,True
diag_1,944,2,2,0,2,0.0,,,,True
diag_1,110,2,2,0,2,0.0,,,,True
diag_1,115,2,2,0,2,0.0,,,,True
diag_1,131,2,2,0,2,0.0,,,,True
diag_1,913,2,2,0,2,0.0,,,,True
diag_1,914,2,2,0,2,0.0,,,,True
diag_1,23,2,1,1,1,0.5,,,,True
diag_1,V26,2,2,0,2,0.0,,,,True
diag_1,990,2,2,0,2,0.0,,,,True
diag_1,147,2,2,0,2,0.0,,,,True
diag_1,941,2,2,0,2,0.0,,,,True
diag_1,987,2,2,0,2,0.0,,,,True
diag_1,871,2,2,0,2,0.0,,,,True
diag_1,980,2,2,0,2,0.0,,,,True
diag_1,975,2,2,0,2,0.0,,,,True
diag_1,194,2,2,0,2,0.0,,,,True
diag_1,208,2,2,2,0,1.0,,,,True
diag_1,164,2,2,0,2,0.0,,,,True
diag_1,880,2,2,0,2,0.0,,,,True
diag_1,58,2,2,0,2,0.0,,,,True
diag_1,735,2,2,0,2,0.0,,,,True
diag_1,360,2,2,0,2,0.0,,,,True
diag_1,610,2,2,0,2,0.0,,,,True
diag_1,615,2,2,0,2,0.0,,,,True
diag_1,322,2,2,0,2,0.0,,,,True
diag_1,334,2,2,0,2,0.0,,,,True
diag_1,336,2,2,0,2,0.0,,,,True
diag_1,352,2,2,1,1,0.5,,,,True
diag_1,75,2,2,0,2,0.0,,,,True
diag_1,732,2,2,0,2,0.0,,,,True
diag_1,36,2,2,0,2,0.0,,,,True
diag_1,645,2,2,0,2,0.0,,,,True
diag_1,500,2,2,0,2,0.0,,,,True
diag_1,369,2,2,0,2,0.0,,,,True
diag_1,703,2,2,0,2,0.0,,,,True
diag_1,653,2,2,0,2,0.0,,,,True
diag_1,417,2,2,0,2,0.0,,,,True
diag_1,384,2,2,0,2,0.0,,,,True
diag_1,7,2,2,0,2,0.0,,,,True
diag_1,385,2,2,0,2,0.0,,,,True
diag_1,657,2,2,0,2,0.0,,,,True
diag_1,39,2,2,0,2,0.0,,,,True
diag_1,797,2,2,0,2,0.0,,,,True
diag_1,683,2,2,0,2,0.0,,,,True
diag_1,262,2,2,1,1,0.5,,,,True
diag_1,580,2,2,1,1,0.5,,,,True
diag_1,246,2,2,0,2,0.0,,,,True
diag_1,279,2,2,1,1,0.5,,,,True
diag_1,542,2,2,0,2,0.0,,,,True
diag_1,52,2,2,1,1,0.5,,,,True
diag_1,27,2,2,1,1,0.5,,,,True
diag_1,97,1,1,0,1,0.0,,,,True
diag_1,976,1,1,0,1,0.0,,,,True
diag_1,649,1,1,0,1,0.0,,,,True
diag_1,974,1,1,1,0,1.0,,,,True
diag_1,973,1,1,1,0,1.0,,,,True
diag_1,422,1,1,0,1,0.0,,,,True
diag_1,543,1,1,1,0,1.0,,,,True
diag_1,114,1,1,0,1,0.0,,,,True
diag_1,E909,1,1,0,1,0.0,,,,True
diag_1,57,1,1,0,1,0.0,,,,True
diag_1,V60,1,1,1,0,1.0,,,,True
diag_1,523,1,1,0,1,0.0,,,,True
diag_1,412,1,1,0,1,0.0,,,,True
diag_1,582,1,1,0,1,0.0,,,,True
diag_1,V67,1,1,0,1,0.0,,,,True
diag_1,671,1,1,0,1,0.0,,,,True
diag_1,391,1,1,1,0,1.0,,,,True
diag_1,V70,1,1,0,1,0.0,,,,True
diag_1,389,1,1,0,1,0.0,,,,True
diag_1,448,1,1,0,1,0.0,,,,True
diag_1,640,1,1,0,1,0.0,,,,True
diag_1,98,1,1,0,1,0.0,,,,True
diag_1,61,1,1,0,1,0.0,,,,True
diag_1,V07,1,1,0,1,0.0,,,,True
diag_1,V25,1,1,0,1,0.0,,,,True
diag_1,605,1,1,0,1,0.0,,,,True
diag_1,V43,1,1,0,1,0.0,,,,True
diag_1,48,1,1,1,0,1.0,,,,True
diag_1,148,1,1,0,1,0.0,,,,True
diag_1,963,1,1,0,1,0.0,,,,True
diag_1,994,1,1,0,1,0.0,,,,True
diag_1,149,1,1,0,1,0.0,,,,True
diag_1,477,1,1,0,1,0.0,,,,True
diag_1,471,1,1,0,1,0.0,,,,True
diag_1,160,1,1,0,1,0.0,,,,True
diag_1,988,1,1,0,1,0.0,,,,True
diag_1,V51,1,1,0,1,0.0,,,,True
diag_1,133,1,1,0,1,0.0,,,,True
diag_1,634,1,1,0,1,0.0,,,,True
diag_1,637,1,1,0,1,0.0,,,,True
diag_1,842,1,1,0,1,0.0,,,,True
diag_1,700,1,1,0,1,0.0,,,,True
diag_1,684,1,1,0,1,0.0,,,,True
diag_1,817,1,1,0,1,0.0,,,,True
diag_1,885,1,1,0,1,0.0,,,,True
diag_1,791,1,1,0,1,0.0,,,,True
diag_1,318,1,1,0,1,0.0,,,,True
diag_1,878,1,1,0,1,0.0,,,,True
diag_1,875,1,1,0,1,0.0,,,,True
diag_1,314,1,1,0,1,0.0,,,,True
diag_1,870,1,1,0,1,0.0,,,,True
diag_1,803,1,1,0,1,0.0,,,,True
diag_1,216,1,1,0,1,0.0,,,,True
diag_1,299,1,1,1,0,1.0,,,,True
diag_1,217,1,1,0,1,0.0,,,,True
diag_1,690,1,1,0,1,0.0,,,,True
diag_1,219,1,1,0,1,0.0,,,,True
diag_1,827,1,1,0,1,0.0,,,,True
diag_1,832,1,1,0,1,0.0,,,,True
diag_1,229,1,1,0,1,0.0,,,,True
diag_1,833,1,1,0,1,0.0,,,,True
diag_1,848,1,1,0,1,0.0,,,,True
diag_1,834,1,1,0,1,0.0,,,,True
diag_1,837,1,1,0,1,0.0,,,,True
diag_1,838,1,1,0,1,0.0,,,,True
diag_1,839,1,1,0,1,0.0,,,,True
diag_1,347,1,1,1,0,1.0,,,,True
diag_1,895,1,1,0,1,0.0,,,,True
diag_1,897,1,1,0,1,0.0,,,,True
diag_1,207,1,1,0,1,0.0,,,,True
diag_1,957,1,1,0,1,0.0,,,,True
diag_1,955,1,1,0,1,0.0,,,,True
diag_1,691,1,1,0,1,0.0,,,,True
diag_1,698,1,1,0,1,0.0,,,,True
diag_1,84,1,1,0,1,0.0,,,,True
diag_1,939,1,1,0,1,0.0,,,,True
diag_1,936,1,1,0,1,0.0,,,,True
diag_1,187,1,1,0,1,0.0,,,,True
diag_1,704,1,1,0,1,0.0,,,,True
diag_1,381,1,1,0,1,0.0,,,,True
diag_1,375,1,1,0,1,0.0,,,,True
diag_1,373,1,1,0,1,0.0,,,,True
diag_1,372,1,1,0,1,0.0,,,,True
diag_1,366,1,1,0,1,0.0,,,,True
diag_1,919,1,1,0,1,0.0,,,,True
diag_1,365,1,1,0,1,0.0,,,,True
diag_1,363,1,1,0,1,0.0,,,,True
diag_1,915,1,1,0,1,0.0,,,,True
diag_1,911,1,1,0,1,0.0,,,,True
diag_1,904,1,1,1,0,1.0,,,,True
diag_1,903,1,1,0,1,0.0,,,,True
diag_1,10,1,1,0,1,0.0,,,,True
diag_2,250,11534,10648,1174,10360,0.10178602392925265,0.002966982196230905,0.09597084568186853,0.10760120217663677,False
diag_2,276,6188,5686,740,5448,0.1195862960568843,0.00451409755251542,0.11073882743125367,0.1284337646825149,False
diag_2,428,5734,5148,729,5005,0.1271363794907569,0.004463897548668651,0.11838730106468971,0.13588545791682408,False
diag_2,427,4473,3990,510,3963,0.11401743796109994,0.004795074145489183,0.10461926533274196,0.12341561058945791,False
diag_2,401,3403,3329,228,3175,0.06699970614163973,0.004338646140319571,0.05849611596494966,0.0755032963183298,False
diag_2,599,2970,2811,335,2635,0.1127946127946128,0.005863811188010989,0.10130175405396824,0.12428747153525735,False
diag_2,496,2919,2648,323,2596,0.11065433367591641,0.0059053629635606964,0.09908003495170073,0.1222286324001321,False
diag_2,403,2560,2061,389,2171,0.151953125,0.0077354400259410745,0.13679194114458593,0.16711430885541406,False
diag_2,414,2330,2240,192,2138,0.08240343347639485,0.005767027994290873,0.07110026630975048,0.09370660064303922,False
diag_2,411,2130,2035,214,1916,0.10046948356807511,0.00660868211738448,0.08751670463272763,0.11342226250342259,False
diag_2,707,1790,1568,254,1536,0.1418994413407821,0.008501507580532875,0.12523679266864343,0.1585620900129208,False
diag_2,585,1696,1419,241,1455,0.1420990566037736,0.008790455881903405,0.12487007966755465,0.15932803353999253,False
diag_2,584,1450,1392,174,1276,0.12,0.008625807636171606,0.10309372769553307,0.13690627230446692,False
diag_2,285,1412,1361,131,1281,0.09277620396600567,0.007692078716278328,0.07770000671585306,0.10785240121615827,False
diag_2,491,1405,1255,193,1212,0.13736654804270462,0.009396196812559168,0.1189503406984386,0.15578275538697064,False
diag_2,682,1311,1232,172,1139,0.13119755911517925,0.009408024081057913,0.11275817075062021,0.1496369474797383,False
diag_2,780,1296,1218,119,1177,0.09182098765432099,0.008576390710953397,0.07501157074350848,0.10863040456513351,False
diag_2,425,1260,1116,160,1100,0.12698412698412698,0.009416750129709144,0.10852763587848419,0.14544061808976977,False
diag_2,486,1180,1142,130,1050,0.11016949152542373,0.009238937113764497,0.09206150752701489,0.12827747552383256,False
diag_2,518,1056,1008,124,932,0.11742424242424243,0.010194200798333906,0.09744397600833851,0.13740450884014635,False
diag_2,424,966,924,99,867,0.10248447204968944,0.010178257757882368,0.08253545341887461,0.12243349068050427,False
diag_2,413,930,906,77,853,0.08279569892473118,0.008969404074077085,0.06521598997675326,0.1003754078727091,False
diag_2,493,797,752,64,733,0.08030112923462986,0.009828796482666454,0.06103704211722965,0.09956521635203006,False
diag_2,305,647,598,56,591,0.0865533230293663,0.01531899172480273,0.05652865096928584,0.11657799508944677,False
diag_2,786,608,600,44,564,0.07236842105263158,0.010745211457549055,0.0513081935895683,0.09342864851569486,False
diag_2,280,567,553,54,513,0.09523809523809523,0.01272562234674288,0.07029633375762112,0.12017985671856934,False
diag_2,998,514,506,52,462,0.10116731517509728,0.013134354516640228,0.07542445336230144,0.12691017698789311,False
diag_2,511,449,430,60,389,0.133630289532294,0.016251261368053313,0.10177840254756239,0.16548217651702563,False
diag_2,785,423,399,70,353,0.16548463356973994,0.018746416922032015,0.128742331563385,0.2022269355760949,False
diag_2,410,415,412,56,359,0.13493975903614458,0.016717002976411433,0.10217503527292929,0.16770448279935987,False
diag_2,996,415,408,62,353,0.1493975903614458,0.017373151513359806,0.11534683909730303,0.18344834162558854,False
diag_2,272,391,389,20,371,0.05115089514066496,0.011158748165819148,0.02928015062310705,0.07302163965822286,False
diag_2,38,380,369,58,322,0.15263157894736842,0.01881120470927706,0.11576229521137514,0.1895008626833617,False
diag_2,V45,363,355,33,330,0.09090909090909091,0.015329100414171737,0.06086460618191629,0.12095357563626553,False
diag_2,571,360,291,57,303,0.15833333333333333,0.02206449879361919,0.11508771036091225,0.2015789563057544,False
diag_2,577,360,330,58,302,0.16111111111111112,0.01980222464368658,0.12229946399571393,0.19992275822650832,False
diag_2,788,353,345,34,319,0.09631728045325778,0.01669185781172036,0.06360184030722232,0.12903272059929324,False
diag_2,41,351,347,31,320,0.08831908831908832,0.015573575072783426,0.057795442065902064,0.11884273457227457,False
diag_2,560,347,343,34,313,0.09798270893371758,0.0159004218984568,0.06681845467375026,0.12914696319368488,False
diag_2,997,345,343,35,310,0.10144927536231885,0.01628937038410835,0.0695226960786331,0.1333758546460046,False
diag_2,Unknown,334,327,26,308,0.07784431137724551,0.015447990185707448,0.0475668069797307,0.10812181577476032,False
diag_2,648,334,318,14,320,0.041916167664670656,0.01150588121481304,0.019365054873241142,0.06446728045610017,False
diag_2,574,324,322,23,301,0.07098765432098765,0.014248315933768518,0.04306146825045318,0.09891384039152212,False
diag_2,162,323,278,55,268,0.17027863777089783,0.022474398972386584,0.12622962521083614,0.21432765033095952,False
diag_2,440,321,304,61,260,0.19003115264797507,0.021613248479966138,0.14766996403832638,0.23239234125762376,False
diag_2,402,314,308,37,277,0.1178343949044586,0.018139098648302564,0.0822824148417664,0.1533863749671508,False
diag_2,578,313,306,35,278,0.11182108626198083,0.017935350136025298,0.0766684459452557,0.14697372657870594,False
diag_2,197,313,289,51,262,0.16293929712460065,0.021725943373364347,0.12035723058264988,0.2055213636665514,False
diag_2,295,311,283,30,281,0.09646302250803858,0.01696059793881502,0.06322086139169689,0.12970518362438027,False
diag_2,453,306,297,43,263,0.14052287581699346,0.0203225416992488,0.10069142601215239,0.18035432562183454,False
diag_2,789,304,286,40,264,0.13157894736842105,0.02165421929014435,0.08913745744640564,0.17402043729043645,False
diag_2,799,283,276,35,248,0.12367491166077739,0.019435617705714666,0.08558180094028767,0.1617680223812671,False
diag_2,287,281,269,29,252,0.10320284697508897,0.02093224219756047,0.0621764061522009,0.14422928779797703,False
diag_2,198,266,245,45,221,0.16917293233082706,0.023798268497136604,0.12252918318202517,0.21581668147962896,False
diag_2,426,264,262,20,244,0.07575757575757576,0.016192694534060435,0.044020477658158724,0.1074946738569928,False
diag_2,530,264,261,28,236,0.10606060606060606,0.019522540320574117,0.06779713014554976,0.14432408197566238,False
diag_2,303,261,233,31,230,0.11877394636015326,0.02420476840809437,0.07133347202615542,0.1662144206941511,False
diag_2,278,258,255,13,245,0.050387596899224806,0.013541790879121636,0.02384617448997341,0.0769290193084762,False
diag_2,438,236,223,21,215,0.08898305084745763,0.018415404802235257,0.05288952067435058,0.12507658102056468,False
diag_2,70,235,215,30,205,0.1276595744680851,0.022317489206617445,0.08391809939775353,0.17140104953841667,False
diag_2,V42,230,214,25,205,0.10869565217391304,0.020343654820311807,0.06882282141218725,0.14856848293563885,False
diag_2,730,224,212,29,195,0.12946428571428573,0.022858667658421008,0.08466212036921003,0.17426645105936142,False
diag_2,591,221,216,20,201,0.09049773755656108,0.019096640307373524,0.05306901032839308,0.12792646478472908,False
diag_2,790,200,196,27,173,0.135,0.024039126760026362,0.08788417733055531,0.1821158226694447,False
diag_2,787,199,197,20,179,0.10050251256281408,0.022205402293059787,0.056980723806193775,0.1440243013194344,False
diag_2,536,194,159,39,155,0.20103092783505155,0.02954592678809889,0.14312197544052055,0.25893988022958253,False
diag_2,196,193,186,19,174,0.09844559585492228,0.02121486393332124,0.05686522660869491,0.14002596510114965,False
diag_2,404,190,183,25,165,0.13157894736842105,0.024449131782409202,0.08365952962162546,0.17949836511521663,False
diag_2,535,187,186,20,167,0.10695187165775401,0.022675631407088684,0.0625084507731549,0.15139529254235312,False
diag_2,112,184,179,27,157,0.14673913043478262,0.027832225856773644,0.09218897014592185,0.20128929072364338,False
diag_2,492,183,177,20,163,0.1092896174863388,0.022984622486074354,0.06424058521538359,0.154338649757294,False
diag_2,342,180,178,42,138,0.23333333333333334,0.03201288267648231,0.17058923624612182,0.29607743042054485,False
diag_2,8,177,175,26,151,0.14689265536723164,0.026381292350049632,0.09518627249551234,0.19859903823895095,False
diag_2,733,176,172,27,149,0.1534090909090909,0.026832688946961555,0.10081798696468029,0.20600019485350152,False
diag_2,202,170,137,43,127,0.2529411764705882,0.035541079268103765,0.18328194113342167,0.3226004118077548,False
diag_2,784,170,167,23,147,0.13529411764705881,0.026384521871929443,0.08358140502876779,0.18700683026534984,False
diag_2,V85,167,164,21,146,0.12574850299401197,0.02633795622979171,0.07412705735722788,0.17736994863079605,False
diag_2,396,164,157,17,147,0.10365853658536585,0.026928698642480056,0.05087925709557231,0.15643781607515939,False
diag_2,569,161,156,14,147,0.08695652173913043,0.0221923860252983,0.043460244398535776,0.1304527990797251,False
diag_2,304,160,137,23,137,0.14375,0.032387638478159855,0.08027139503850304,0.20722860496149692,False
diag_2,V58,154,145,19,135,0.12337662337662338,0.025636819917946124,0.07312937965930988,0.17362386709393687,False
diag_2,515,152,146,16,136,0.10526315789473684,0.024539090386065013,0.05716742452467634,0.15335889126479735,False
diag_2,710,151,140,13,138,0.08609271523178808,0.022083704958192906,0.04280944886852137,0.12937598159505478,False
diag_2,263,147,146,16,131,0.10884353741496598,0.025797202048149757,0.05828195049868956,0.1594051243312424,False
diag_2,284,145,137,16,129,0.1103448275862069,0.02591057750578508,0.05956102885623449,0.1611286263161793,False
diag_2,244,140,134,15,125,0.10714285714285714,0.029645427760617783,0.049038886425762394,0.16524682785995187,False
diag_2,434,138,136,18,120,0.13043478260869565,0.03143215227770288,0.0688288961878194,0.1920406690295719,False
diag_2,296,136,134,18,118,0.1323529411764706,0.03057207073109661,0.07243278361071014,0.19227309874223103,False
diag_2,724,134,132,15,119,0.11194029850746269,0.026929761516626172,0.05915893582262267,0.16472166119230272,False
diag_2,294,133,132,12,121,0.09022556390977443,0.02495633241957932,0.041312051181189635,0.13913907663835923,False
diag_2,562,131,131,11,120,0.08396946564885496,0.024324504024906612,0.03629431381823844,0.13164461747947148,False
diag_2,433,131,128,15,116,0.11450381679389313,0.02777147521676043,0.06007272557149601,0.16893490801629024,False
diag_2,300,130,128,7,123,0.05384615384615385,,,,True
diag_2,507,130,127,14,116,0.1076923076923077,0.027135968228196018,0.05450678727942034,0.16087782810519505,False
diag_2,458,129,129,10,119,0.07751937984496124,0.023636261468314865,0.031193158637892307,0.12384560105203017,False
diag_2,722,128,126,12,116,0.09375,0.025908112940971006,0.042971031728300746,0.14452896827169925,False
diag_2,590,127,127,11,116,0.08661417322834646,0.025057419492468883,0.037502533477595544,0.13572581297909736,False
diag_2,V43,119,115,6,113,0.05042016806722689,,,,True
diag_2,728,116,116,7,109,0.0603448275862069,,,,True
diag_2,781,115,115,10,105,0.08695652173913043,0.026390303420299303,0.03523247749425961,0.13868056598400125,False
diag_2,593,112,112,15,97,0.13392857142857142,0.0323260011910856,0.07057077332984478,0.19728636952729806,False
diag_2,E885,109,109,17,92,0.1559633027522936,0.0349124236280198,0.08753620982836958,0.2243903956762176,False
diag_2,V15,109,100,10,99,0.09174311926605505,0.033626366241129996,0.025836652502486762,0.15764958602962334,False
diag_2,204,109,88,14,95,0.12844036697247707,0.040778627149181075,0.04851572642109493,0.20836500752385922,False
diag_2,286,104,98,10,94,0.09615384615384616,0.029014711215431872,0.03928605714976933,0.153021635157923,False
diag_2,340,104,85,12,92,0.11538461538461539,0.02912208806693326,0.058306371618822544,0.17246285915040824,False
diag_2,E878,104,103,13,91,0.125,0.0322733691877345,0.06174535873227571,0.1882546412677243,False
diag_2,466,104,104,8,96,0.07692307692307693,,,,True
diag_2,348,104,100,16,88,0.15384615384615385,0.03646309446681911,0.08237980192630669,0.22531250576600104,False
diag_2,715,102,100,2,100,0.0196078431372549,,,,True
diag_2,E888,101,101,21,80,0.2079207920792079,0.04058198323152318,0.12838156652421412,0.2874600176342017,False
diag_2,153,101,90,18,83,0.1782178217821782,0.04041081353113178,0.09901408267519606,0.25742156088916035,False
diag_2,558,100,99,7,93,0.07,,,,True
diag_2,135,100,85,12,88,0.12,0.03195264353025315,0.05737396946985708,0.18262603053014292,False
diag_2,995,98,97,20,78,0.20408163265306123,0.04103049677069161,0.12366333671471871,0.2844999285914037,False
diag_2,482,95,93,10,85,0.10526315789473684,0.031361728115974576,0.043795300294489484,0.1667310154949842,False
diag_2,444,92,91,13,79,0.14130434782608695,0.03658291789920954,0.06960314629425057,0.21300554935792332,False
diag_2,412,92,91,6,86,0.06521739130434782,,,,True
diag_2,331,92,91,9,83,0.09782608695652174,,,,True
diag_2,V10,92,92,3,89,0.03260869565217391,,,,True
diag_2,416,88,84,8,80,0.09090909090909091,,,,True
diag_2,242,87,79,11,76,0.12643678160919541,0.03432378976741973,0.05916338985212832,0.1937101733662625,False
diag_2,719,87,86,6,81,0.06896551724137931,,,,True
diag_2,729,85,85,5,80,0.058823529411764705,,,,True
diag_2,435,84,84,9,75,0.10714285714285714,,,,True
diag_2,415,84,84,7,77,0.08333333333333333,,,,True
diag_2,567,84,81,9,75,0.10714285714285714,,,,True
diag_2,203,81,65,18,63,0.2222222222222222,0.05157732101651777,0.1211325306107866,0.3233119138336578,False
diag_2,292,80,80,14,66,0.175,0.0427496391279461,0.09121224695714138,0.2587877530428586,False
diag_2,42,79,67,7,72,0.08860759493670886,,,,True
diag_2,564,78,75,7,71,0.08974358974358974,,,,True
diag_2,731,78,75,10,68,0.1282051282051282,0.03776252747213279,0.05419193439454359,0.2022183220157128,False
diag_2,592,75,73,9,66,0.12,,,,True
diag_2,805,74,74,6,68,0.08108108108108109,,,,True
diag_2,311,73,70,7,66,0.0958904109589041,,,,True
diag_2,V54,72,72,4,68,0.05555555555555555,,,,True
diag_2,443,71,71,8,63,0.11267605633802817,,,,True
diag_2,553,71,71,3,68,0.04225352112676056,,,,True
diag_2,357,71,71,8,63,0.11267605633802817,,,,True
diag_2,576,69,66,7,62,0.10144927536231885,,,,True
diag_2,157,68,63,11,57,0.16176470588235295,0.044062983195821144,0.07540284576714992,0.24812656599755598,False
diag_2,291,67,66,4,63,0.05970149253731343,,,,True
diag_2,782,67,67,1,66,0.014925373134328358,,,,True
diag_2,288,67,66,6,61,0.08955223880597014,,,,True
diag_2,595,65,64,8,57,0.12307692307692308,,,,True
diag_2,572,64,60,14,50,0.21875,0.049847022915364705,0.12105163034934244,0.3164483696506576,False
diag_2,293,64,64,7,57,0.109375,,,,True
diag_2,581,64,60,7,57,0.109375,,,,True
diag_2,397,64,63,6,58,0.09375,,,,True
diag_2,568,64,63,3,61,0.046875,,,,True
diag_2,255,64,58,11,53,0.171875,0.04847886845356881,0.07685816381975018,0.2668918361802498,False
diag_2,V12,62,62,6,56,0.0967741935483871,,,,True
diag_2,301,61,52,3,58,0.04918032786885246,,,,True
diag_2,V62,61,56,5,56,0.08196721311475409,,,,True
diag_2,456,60,52,10,50,0.16666666666666666,0.04906533814626582,0.07050037101070643,0.2628329623226269,False
diag_2,277,60,43,5,55,0.08333333333333333,,,,True
diag_2,344,60,55,5,55,0.08333333333333333,,,,True
diag_2,575,60,60,4,56,0.06666666666666667,,,,True
diag_2,794,59,59,5,54,0.0847457627118644,,,,True
diag_2,721,59,59,8,51,0.13559322033898305,,,,True
diag_2,437,57,57,5,52,0.08771929824561403,,,,True
diag_2,723,54,54,2,52,0.037037037037037035,,,,True
diag_2,211,53,53,6,47,0.11320754716981132,,,,True
diag_2,465,53,52,11,42,0.20754716981132076,0.055178630886429506,0.09939904055768953,0.315695299064952,False
diag_2,E849,53,53,7,46,0.1320754716981132,,,,True
diag_2,459,52,52,4,48,0.07692307692307693,,,,True
diag_2,490,52,52,3,49,0.057692307692307696,,,,True
diag_2,596,52,51,9,43,0.17307692307692307,,,,True
diag_2,205,51,36,15,36,0.29411764705882354,0.06203057242572825,0.17253995916399284,0.41569533495365424,False
diag_2,337,49,48,9,40,0.1836734693877551,,,,True
diag_2,309,47,44,3,44,0.06382978723404255,,,,True
diag_2,552,47,47,5,42,0.10638297872340426,,,,True
diag_2,282,46,40,3,43,0.06521739130434782,,,,True
diag_2,625,45,44,4,41,0.08888888888888889,,,,True
diag_2,531,44,44,5,39,0.11363636363636363,,,,True
diag_2,807,43,43,0,43,0.0,,,,True
diag_2,218,43,43,0,43,0.0,,,,True
diag_2,573,41,40,8,33,0.1951219512195122,,,,True
diag_2,154,40,34,6,34,0.15,,,,True
diag_2,332,40,35,9,31,0.225,,,,True
diag_2,290,40,39,5,35,0.125,,,,True
diag_2,808,39,39,6,33,0.15384615384615385,,,,True
diag_2,820,39,39,7,32,0.1794871794871795,,,,True
diag_2,473,39,39,1,38,0.02564102564102564,,,,True
diag_2,289,39,38,0,39,0.0,,,,True
diag_2,189,39,33,4,35,0.10256410256410256,,,,True
diag_2,253,39,37,2,37,0.05128205128205128,,,,True
diag_2,681,38,38,5,33,0.13157894736842105,,,,True
diag_2,345,38,38,5,33,0.13157894736842105,,,,True
diag_2,812,38,38,3,35,0.07894736842105263,,,,True
diag_2,873,37,37,2,35,0.05405405405405406,,,,True
diag_2,714,37,37,3,34,0.08108108108108109,,,,True
diag_2,327,36,36,0,36,0.0,,,,True
diag_2,711,36,36,5,31,0.1388888888888889,,,,True
diag_2,600,36,36,1,35,0.027777777777777776,,,,True
diag_2,512,36,36,4,32,0.1111111111111111,,,,True
diag_2,481,35,35,2,33,0.05714285714285714,,,,True
diag_2,441,35,34,3,32,0.08571428571428572,,,,True
diag_2,398,34,34,3,31,0.08823529411764706,,,,True
diag_2,E932,34,34,4,30,0.11764705882352941,,,,True
diag_2,618,33,33,1,32,0.030303030303030304,,,,True
diag_2,150,33,25,10,23,0.30303030303030304,,,,True
diag_2,349,33,33,5,28,0.15151515151515152,,,,True
diag_2,557,33,33,2,31,0.06060606060606061,,,,True
diag_2,V49,33,32,4,29,0.12121212121212122,,,,True
diag_2,275,32,32,0,32,0.0,,,,True
diag_2,455,32,32,1,31,0.03125,,,,True
diag_2,53,31,30,4,27,0.12903225806451613,,,,True
diag_2,E942,30,30,2,28,0.06666666666666667,,,,True
diag_2,429,29,29,0,29,0.0,,,,True
diag_2,537,29,29,7,22,0.2413793103448276,,,,True
diag_2,519,29,29,0,29,0.0,,,,True
diag_2,362,29,29,1,28,0.034482758620689655,,,,True
diag_2,358,29,25,4,25,0.13793103448275862,,,,True
diag_2,850,28,28,2,26,0.07142857142857142,,,,True
diag_2,79,28,28,1,27,0.03571428571428571,,,,True
diag_2,478,28,27,1,27,0.03571428571428571,,,,True
diag_2,451,28,28,2,26,0.07142857142857142,,,,True
diag_2,155,27,26,1,26,0.037037037037037035,,,,True
diag_2,V63,27,27,3,24,0.1111111111111111,,,,True
diag_2,726,27,27,2,25,0.07407407407407407,,,,True
diag_2,174,26,24,2,24,0.07692307692307693,,,,True
diag_2,446,26,24,3,23,0.11538461538461539,,,,True
diag_2,626,26,25,0,26,0.0,,,,True
diag_2,94,26,24,3,23,0.11538461538461539,,,,True
diag_2,642,26,25,0,26,0.0,,,,True
diag_2,999,26,26,1,25,0.038461538461538464,,,,True
diag_2,620,26,26,1,25,0.038461538461538464,,,,True
diag_2,532,25,25,3,22,0.12,,,,True
diag_2,924,24,24,2,22,0.08333333333333333,,,,True
diag_2,802,24,23,5,19,0.20833333333333334,,,,True
diag_2,274,24,24,1,23,0.041666666666666664,,,,True
diag_2,E935,24,24,2,22,0.08333333333333333,,,,True
diag_2,920,23,23,3,20,0.13043478260869565,,,,True
diag_2,738,23,23,3,20,0.13043478260869565,,,,True
diag_2,447,23,22,3,20,0.13043478260869565,,,,True
diag_2,727,23,23,2,21,0.08695652173913043,,,,True
diag_2,616,23,23,1,22,0.043478260869565216,,,,True
diag_2,V64,23,23,2,21,0.08695652173913043,,,,True
diag_2,680,22,22,3,19,0.13636363636363635,,,,True
diag_2,138,22,22,2,20,0.09090909090909091,,,,True
diag_2,V65,22,22,1,21,0.045454545454545456,,,,True
diag_2,601,22,22,1,21,0.045454545454545456,,,,True
diag_2,813,22,22,1,21,0.045454545454545456,,,,True
diag_2,516,22,21,5,17,0.22727272727272727,,,,True
diag_2,611,22,21,2,20,0.09090909090909091,,,,True
diag_2,368,22,22,3,19,0.13636363636363635,,,,True
diag_2,185,21,21,1,20,0.047619047619047616,,,,True
diag_2,312,21,21,0,21,0.0,,,,True
diag_2,420,21,21,0,21,0.0,,,,True
diag_2,346,21,20,1,20,0.047619047619047616,,,,True
diag_2,555,21,21,1,20,0.047619047619047616,,,,True
diag_2,716,20,20,2,18,0.1,,,,True
diag_2,614,20,20,1,19,0.05,,,,True
diag_2,151,20,18,2,18,0.1,,,,True
diag_2,E884,20,20,3,17,0.15,,,,True
diag_2,394,20,19,2,18,0.1,,,,True
diag_2,783,20,20,0,20,0.0,,,,True
diag_2,386,20,20,0,20,0.0,,,,True
diag_2,583,19,19,2,17,0.10526315789473684,,,,True
diag_2,200,19,16,4,15,0.21052631578947367,,,,True
diag_2,E879,19,19,4,15,0.21052631578947367,,,,True
diag_2,566,19,19,1,18,0.05263157894736842,,,,True
diag_2,E947,19,19,4,15,0.21052631578947367,,,,True
diag_2,487,18,18,1,17,0.05555555555555555,,,,True
diag_2,617,18,18,1,17,0.05555555555555555,,,,True
diag_2,432,18,18,3,15,0.16666666666666666,,,,True
diag_2,252,18,18,1,17,0.05555555555555555,,,,True
diag_2,860,18,18,1,17,0.05555555555555555,,,,True
diag_2,319,17,14,3,14,0.17647058823529413,,,,True
diag_2,298,17,17,1,16,0.058823529411764705,,,,True
diag_2,556,17,17,2,15,0.11764705882352941,,,,True
diag_2,283,17,16,3,14,0.17647058823529413,,,,True
diag_2,821,17,17,1,16,0.058823529411764705,,,,True
diag_2,736,17,17,2,15,0.11764705882352941,,,,True
diag_2,421,17,17,2,15,0.11764705882352941,,,,True
diag_2,201,17,14,3,14,0.17647058823529413,,,,True
diag_2,238,17,17,3,14,0.17647058823529413,,,,True
diag_2,824,17,17,1,16,0.058823529411764705,,,,True
diag_2,753,16,16,1,15,0.0625,,,,True
diag_2,281,16,16,2,14,0.125,,,,True
diag_2,746,16,16,1,15,0.0625,,,,True
diag_2,442,16,16,1,15,0.0625,,,,True
diag_2,436,15,15,1,14,0.06666666666666667,,,,True
diag_2,550,15,15,0,15,0.0,,,,True
diag_2,333,15,14,0,15,0.0,,,,True
diag_2,423,15,15,1,14,0.06666666666666667,,,,True
diag_2,E928,15,15,1,14,0.06666666666666667,,,,True
diag_2,E880,15,15,2,13,0.13333333333333333,,,,True
diag_2,338,15,15,2,13,0.13333333333333333,,,,True
diag_2,359,14,14,0,14,0.0,,,,True
diag_2,840,14,14,2,12,0.14285714285714285,,,,True
diag_2,607,14,14,0,14,0.0,,,,True
diag_2,823,14,14,1,13,0.07142857142857142,,,,True
diag_2,156,14,13,5,9,0.35714285714285715,,,,True
diag_2,958,14,13,3,11,0.21428571428571427,,,,True
diag_2,462,14,14,0,14,0.0,,,,True
diag_2,356,13,13,0,13,0.0,,,,True
diag_2,183,13,12,3,10,0.23076923076923078,,,,True
diag_2,V72,13,13,0,13,0.0,,,,True
diag_2,745,13,12,2,11,0.15384615384615385,,,,True
diag_2,261,13,13,2,11,0.15384615384615385,,,,True
diag_2,756,13,13,0,13,0.0,,,,True
diag_2,852,13,13,1,12,0.07692307692307693,,,,True
diag_2,262,13,13,1,12,0.07692307692307693,,,,True
diag_2,959,12,12,2,10,0.16666666666666666,,,,True
diag_2,378,12,12,0,12,0.0,,,,True
diag_2,314,12,12,0,12,0.0,,,,True
diag_2,696,12,11,1,11,0.08333333333333333,,,,True
diag_2,718,12,12,0,12,0.0,,,,True
diag_2,307,12,11,3,9,0.25,,,,True
diag_2,233,12,12,1,11,0.08333333333333333,,,,True
diag_2,627,12,11,1,11,0.08333333333333333,,,,True
diag_2,382,12,12,1,11,0.08333333333333333,,,,True
diag_2,816,11,11,0,11,0.0,,,,True
diag_2,517,11,11,0,11,0.0,,,,True
diag_2,152,11,6,6,5,0.5454545454545454,,,,True
diag_2,570,11,11,3,8,0.2727272727272727,,,,True
diag_2,V46,11,11,0,11,0.0,,,,True
diag_2,279,11,10,1,10,0.09090909090909091,,,,True
diag_2,717,11,11,1,10,0.09090909090909091,,,,True
diag_2,792,11,11,2,9,0.18181818181818182,,,,True
diag_2,494,11,10,2,9,0.18181818181818182,,,,True
diag_2,905,11,11,1,10,0.09090909090909091,,,,True
diag_2,E944,11,11,0,11,0.0,,,,True
diag_2,540,11,11,0,11,0.0,,,,True
diag_2,586,10,10,1,9,0.1,,,,True
diag_2,E939,10,10,1,9,0.1,,,,True
diag_2,188,10,9,0,10,0.0,,,,True
diag_2,706,10,10,0,10,0.0,,,,True
diag_2,40,10,10,0,10,0.0,,,,True
diag_2,117,10,10,1,9,0.1,,,,True
diag_2,737,10,10,0,10,0.0,,,,True
diag_2,317,10,9,0,10,0.0,,,,True
diag_2,693,10,10,1,9,0.1,,,,True
diag_2,335,9,8,2,7,0.2222222222222222,,,,True
diag_2,354,9,9,0,9,0.0,,,,True
diag_2,34,9,9,0,9,0.0,,,,True
diag_2,431,9,9,2,7,0.2222222222222222,,,,True
diag_2,485,9,9,0,9,0.0,,,,True
diag_2,579,9,8,0,9,0.0,,,,True
diag_2,514,9,9,1,8,0.1111111111111111,,,,True
diag_2,V44,9,9,2,7,0.2222222222222222,,,,True
diag_2,V57,9,9,0,9,0.0,,,,True
diag_2,191,9,9,2,7,0.2222222222222222,,,,True
diag_2,E934,9,9,1,8,0.1111111111111111,,,,True
diag_2,V09,9,9,3,6,0.3333333333333333,,,,True
diag_2,741,9,8,0,9,0.0,,,,True
diag_2,V17,9,9,1,8,0.1111111111111111,,,,True
diag_2,260,9,9,2,7,0.2222222222222222,,,,True
diag_2,54,9,9,0,9,0.0,,,,True
diag_2,461,9,9,0,9,0.0,,,,True
diag_2,251,9,9,0,9,0.0,,,,True
diag_2,199,9,9,1,8,0.1111111111111111,,,,True
diag_2,608,9,8,3,6,0.3333333333333333,,,,True
diag_2,881,9,9,0,9,0.0,,,,True
diag_2,709,8,8,1,7,0.125,,,,True
diag_2,845,8,8,2,6,0.25,,,,True
diag_2,825,8,8,2,6,0.25,,,,True
diag_2,266,8,8,0,8,0.0,,,,True
diag_2,299,8,8,0,8,0.0,,,,True
diag_2,621,8,8,0,8,0.0,,,,True
diag_2,214,8,8,1,7,0.125,,,,True
diag_2,796,8,8,1,7,0.125,,,,True
diag_2,923,8,8,0,8,0.0,,,,True
diag_2,241,8,8,0,8,0.0,,,,True
diag_2,705,8,6,2,6,0.25,,,,True
diag_2,836,8,8,0,8,0.0,,,,True
diag_2,V18,8,8,1,7,0.125,,,,True
diag_2,533,8,8,1,7,0.125,,,,True
diag_2,565,8,8,1,7,0.125,,,,True
diag_2,883,8,8,0,8,0.0,,,,True
diag_2,380,8,8,0,8,0.0,,,,True
diag_2,922,8,8,1,7,0.125,,,,True
diag_2,E812,7,7,0,7,0.0,,,,True
diag_2,172,7,6,1,6,0.14285714285714285,,,,True
diag_2,V70,7,7,0,7,0.0,,,,True
diag_2,524,7,7,0,7,0.0,,,,True
diag_2,861,7,7,0,7,0.0,,,,True
diag_2,220,7,7,1,6,0.14285714285714285,,,,True
diag_2,594,7,7,1,6,0.14285714285714285,,,,True
diag_2,750,7,7,2,5,0.2857142857142857,,,,True
diag_2,701,7,7,0,7,0.0,,,,True
diag_2,528,7,7,1,6,0.14285714285714285,,,,True
diag_2,892,7,7,0,7,0.0,,,,True
diag_2,646,7,7,1,6,0.14285714285714285,,,,True
diag_2,110,7,7,2,5,0.2857142857142857,,,,True
diag_2,619,7,5,2,5,0.2857142857142857,,,,True
diag_2,867,7,7,0,7,0.0,,,,True
diag_2,365,7,7,0,7,0.0,,,,True
diag_2,208,7,7,1,6,0.14285714285714285,,,,True
diag_2,369,7,7,0,7,0.0,,,,True
diag_2,510,7,7,1,6,0.14285714285714285,,,,True
diag_2,324,7,7,0,7,0.0,,,,True
diag_2,273,7,7,0,7,0.0,,,,True
diag_2,V08,6,6,1,5,0.16666666666666666,,,,True
diag_2,457,6,6,1,5,0.16666666666666666,,,,True
diag_2,759,6,6,0,6,0.0,,,,True
diag_2,694,6,5,0,6,0.0,,,,True
diag_2,758,6,6,0,6,0.0,,,,True
diag_2,454,6,5,2,4,0.3333333333333333,,,,True
diag_2,712,6,6,1,5,0.16666666666666666,,,,True
diag_2,9,6,6,1,5,0.16666666666666666,,,,True
diag_2,891,6,6,1,5,0.16666666666666666,,,,True
diag_2,604,6,6,0,6,0.0,,,,True
diag_2,E930,6,6,0,6,0.0,,,,True
diag_2,389,6,6,0,6,0.0,,,,True
diag_2,713,6,6,0,6,0.0,,,,True
diag_2,685,6,5,0,6,0.0,,,,True
diag_2,686,6,6,0,6,0.0,,,,True
diag_2,227,6,6,0,6,0.0,,,,True
diag_2,E936,6,6,1,5,0.16666666666666666,,,,True
diag_2,E917,6,6,0,6,0.0,,,,True
diag_2,864,6,6,0,6,0.0,,,,True
diag_2,791,6,6,0,6,0.0,,,,True
diag_2,910,6,6,0,6,0.0,,,,True
diag_2,847,6,6,0,6,0.0,,,,True
diag_2,136,6,6,3,3,0.5,,,,True
diag_2,343,6,6,1,5,0.16666666666666666,,,,True
diag_2,882,6,6,0,6,0.0,,,,True
diag_2,E927,6,6,0,6,0.0,,,,True
diag_2,598,5,5,0,5,0.0,,,,True
diag_2,508,5,5,0,5,0.0,,,,True
diag_2,865,5,5,1,4,0.2,,,,True
diag_2,E933,5,5,0,5,0.0,,,,True
diag_2,868,5,5,0,5,0.0,,,,True
diag_2,480,5,5,1,4,0.2,,,,True
diag_2,623,5,5,0,5,0.0,,,,True
diag_2,793,5,5,0,5,0.0,,,,True
diag_2,297,5,5,1,4,0.2,,,,True
diag_2,495,5,5,1,4,0.2,,,,True
diag_2,500,5,5,2,3,0.4,,,,True
diag_2,844,5,5,0,5,0.0,,,,True
diag_2,647,5,5,0,5,0.0,,,,True
diag_2,E937,5,5,1,4,0.2,,,,True
diag_2,909,5,5,0,5,0.0,,,,True
diag_2,934,5,5,2,3,0.4,,,,True
diag_2,692,5,5,1,4,0.2,,,,True
diag_2,644,5,5,0,5,0.0,,,,True
diag_2,698,5,5,0,5,0.0,,,,True
diag_2,225,5,5,0,5,0.0,,,,True
diag_2,822,4,4,0,4,0.0,,,,True
diag_2,522,4,4,1,3,0.25,,,,True
diag_2,907,4,4,0,4,0.0,,,,True
diag_2,527,4,4,0,4,0.0,,,,True
diag_2,989,4,4,1,3,0.25,,,,True
diag_2,452,4,4,1,3,0.25,,,,True
diag_2,810,4,4,0,4,0.0,,,,True
diag_2,245,4,4,1,3,0.25,,,,True
diag_2,588,4,4,0,4,0.0,,,,True
diag_2,664,4,4,0,4,0.0,,,,True
diag_2,684,4,4,0,4,0.0,,,,True
diag_2,851,4,4,0,4,0.0,,,,True
diag_2,V02,4,4,0,4,0.0,,,,True
diag_2,652,4,4,0,4,0.0,,,,True
diag_2,246,4,4,0,4,0.0,,,,True
diag_2,831,4,4,1,3,0.25,,,,True
diag_2,513,4,4,1,3,0.25,,,,True
diag_2,826,4,4,2,2,0.5,,,,True
diag_2,320,4,4,2,2,0.5,,,,True
diag_2,E881,4,4,0,4,0.0,,,,True
diag_2,921,4,4,0,4,0.0,,,,True
diag_2,322,4,4,0,4,0.0,,,,True
diag_2,360,4,4,0,4,0.0,,,,True
diag_2,323,4,4,0,4,0.0,,,,True
diag_2,310,4,4,0,4,0.0,,,,True
diag_2,336,4,4,0,4,0.0,,,,True
diag_2,501,4,4,0,4,0.0,,,,True
diag_2,258,4,4,1,3,0.25,,,,True
diag_2,372,4,4,0,4,0.0,,,,True
diag_2,933,3,3,1,2,0.3333333333333333,,,,True
diag_2,913,3,3,1,2,0.3333333333333333,,,,True
diag_2,919,3,3,0,3,0.0,,,,True
diag_2,870,3,3,0,3,0.0,,,,True
diag_2,E924,3,3,1,2,0.3333333333333333,,,,True
diag_2,E906,3,3,0,3,0.0,,,,True
diag_2,E870,3,3,0,3,0.0,,,,True
diag_2,V14,3,3,0,3,0.0,,,,True
diag_2,842,3,3,0,3,0.0,,,,True
diag_2,E950,3,3,0,3,0.0,,,,True
diag_2,837,3,3,0,3,0.0,,,,True
diag_2,E905,3,3,0,3,0.0,,,,True
diag_2,E887,3,3,0,3,0.0,,,,True
diag_2,945,3,3,0,3,0.0,,,,True
diag_2,969,3,3,0,3,0.0,,,,True
diag_2,815,3,3,0,3,0.0,,,,True
diag_2,E816,3,3,0,3,0.0,,,,True
diag_2,991,3,3,0,3,0.0,,,,True
diag_2,V23,3,3,0,3,0.0,,,,True
diag_2,E858,3,3,0,3,0.0,,,,True
diag_2,E931,3,3,0,3,0.0,,,,True
diag_2,965,3,3,0,3,0.0,,,,True
diag_2,862,3,3,0,3,0.0,,,,True
diag_2,11,3,3,1,2,0.3333333333333333,,,,True
diag_2,422,3,3,0,3,0.0,,,,True
diag_2,217,3,3,0,3,0.0,,,,True
diag_2,521,3,3,0,3,0.0,,,,True
diag_2,659,3,3,0,3,0.0,,,,True
diag_2,373,3,3,0,3,0.0,,,,True
diag_2,308,3,3,0,3,0.0,,,,True
diag_2,691,3,3,0,3,0.0,,,,True
diag_2,306,3,3,0,3,0.0,,,,True
diag_2,27,3,3,0,3,0.0,,,,True
diag_2,448,3,3,0,3,0.0,,,,True
diag_2,379,3,3,0,3,0.0,,,,True
diag_2,463,3,3,0,3,0.0,,,,True
diag_2,603,3,3,0,3,0.0,,,,True
diag_2,376,3,3,0,3,0.0,,,,True
diag_2,725,3,3,0,3,0.0,,,,True
diag_2,742,3,3,2,1,0.6666666666666666,,,,True
diag_2,405,3,3,1,2,0.3333333333333333,,,,True
diag_2,747,3,3,0,3,0.0,,,,True
diag_2,470,3,3,0,3,0.0,,,,True
diag_2,656,3,3,0,3,0.0,,,,True
diag_2,395,3,3,0,3,0.0,,,,True
diag_2,751,3,3,0,3,0.0,,,,True
diag_2,193,3,3,1,2,0.3333333333333333,,,,True
diag_2,477,3,3,0,3,0.0,,,,True
diag_2,383,3,3,0,3,0.0,,,,True
diag_2,542,3,3,0,3,0.0,,,,True
diag_2,484,3,3,1,2,0.3333333333333333,,,,True
diag_2,377,3,3,1,2,0.3333333333333333,,,,True
diag_2,131,3,3,0,3,0.0,,,,True
diag_2,645,3,3,0,3,0.0,,,,True
diag_2,355,3,3,0,3,0.0,,,,True
diag_2,967,2,2,0,2,0.0,,,,True
diag_2,992,2,2,0,2,0.0,,,,True
diag_2,801,2,2,0,2,0.0,,,,True
diag_2,430,2,2,0,2,0.0,,,,True
diag_2,972,2,2,0,2,0.0,,,,True
diag_2,464,2,2,0,2,0.0,,,,True
diag_2,472,2,2,0,2,0.0,,,,True
diag_2,474,2,2,1,1,0.5,,,,True
diag_2,483,2,2,0,2,0.0,,,,True
diag_2,918,2,2,0,2,0.0,,,,True
diag_2,916,2,2,0,2,0.0,,,,True
diag_2,381,2,2,0,2,0.0,,,,True
diag_2,366,2,2,0,2,0.0,,,,True
diag_2,E814,2,2,1,1,0.5,,,,True
diag_2,226,2,2,0,2,0.0,,,,True
diag_2,V66,2,2,0,2,0.0,,,,True
diag_2,141,2,2,0,2,0.0,,,,True
diag_2,V55,2,2,0,2,0.0,,,,True
diag_2,V53,2,2,0,2,0.0,,,,True
diag_2,171,2,1,0,2,0.0,,,,True
diag_2,179,2,2,1,1,0.5,,,,True
diag_2,V16,2,2,0,2,0.0,,,,True
diag_2,215,2,2,0,2,0.0,,,,True
diag_2,V11,2,2,0,2,0.0,,,,True
diag_2,239,2,2,0,2,0.0,,,,True
diag_2,E819,2,2,0,2,0.0,,,,True
diag_2,240,2,2,0,2,0.0,,,,True
diag_2,E941,2,2,0,2,0.0,,,,True
diag_2,269,2,2,0,2,0.0,,,,True
diag_2,318,2,2,0,2,0.0,,,,True
diag_2,E916,2,2,0,2,0.0,,,,True
diag_2,341,2,2,1,1,0.5,,,,True
diag_2,351,2,2,0,2,0.0,,,,True
diag_2,352,2,2,0,2,0.0,,,,True
diag_2,E821,2,2,0,2,0.0,,,,True
diag_2,911,2,2,0,2,0.0,,,,True
diag_2,V86,2,2,0,2,0.0,,,,True
diag_2,622,2,2,0,2,0.0,,,,True
diag_2,663,2,2,0,2,0.0,,,,True
diag_2,634,2,2,0,2,0.0,,,,True
diag_2,814,2,2,0,2,0.0,,,,True
diag_2,654,2,2,1,1,0.5,,,,True
diag_2,755,2,2,0,2,0.0,,,,True
diag_2,602,2,2,0,2,0.0,,,,True
diag_2,661,2,2,0,2,0.0,,,,True
diag_2,649,2,2,1,1,0.5,,,,True
diag_2,610,2,2,0,2,0.0,,,,True
diag_2,543,2,2,0,2,0.0,,,,True
diag_2,75,2,2,0,2,0.0,,,,True
diag_2,872,2,2,0,2,0.0,,,,True
diag_2,534,2,2,0,2,0.0,,,,True
diag_2,795,2,2,0,2,0.0,,,,True
diag_2,797,2,2,0,2,0.0,,,,True
diag_2,641,2,2,0,2,0.0,,,,True
diag_2,869,2,2,0,2,0.0,,,,True
diag_2,866,2,2,0,2,0.0,,,,True
diag_2,E980,1,1,0,1,0.0,,,,True
diag_2,E945,1,1,1,0,1.0,,,,True
diag_2,E968,1,1,0,1,0.0,,,,True
diag_2,232,1,1,0,1,0.0,,,,True
diag_2,228,1,1,0,1,0.0,,,,True
diag_2,E965,1,1,0,1,0.0,,,,True
diag_2,235,1,1,0,1,0.0,,,,True
diag_2,703,1,1,0,1,0.0,,,,True
diag_2,523,1,1,0,1,0.0,,,,True
diag_2,702,1,1,0,1,0.0,,,,True
diag_2,256,1,1,0,1,0.0,,,,True
diag_2,E919,1,1,0,1,0.0,,,,True
diag_2,670,1,1,0,1,0.0,,,,True
diag_2,316,1,1,0,1,0.0,,,,True
diag_2,31,1,1,0,1,0.0,,,,True
diag_2,E929,1,1,0,1,0.0,,,,True
diag_2,674,1,1,0,1,0.0,,,,True
diag_2,695,1,1,0,1,0.0,,,,True
diag_2,302,1,1,0,1,0.0,,,,True
diag_2,271,1,1,0,1,0.0,,,,True
diag_2,270,1,1,0,1,0.0,,,,True
diag_2,833,1,1,0,1,0.0,,,,True
diag_2,832,1,1,0,1,0.0,,,,True
diag_2,268,1,1,0,1,0.0,,,,True
diag_2,259,1,1,0,1,0.0,,,,True
diag_2,7,1,1,0,1,0.0,,,,True
diag_2,E938,1,1,0,1,0.0,,,,True
diag_2,734,1,1,0,1,0.0,,,,True
diag_2,V03,1,1,0,1,0.0,,,,True
diag_2,164,1,1,0,1,0.0,,,,True
diag_2,111,1,1,0,1,0.0,,,,True
diag_2,114,1,1,1,0,1.0,,,,True
diag_2,115,1,1,0,1,0.0,,,,True
diag_2,V69,1,1,0,1,0.0,,,,True
diag_2,123,1,1,0,1,0.0,,,,True
diag_2,137,1,1,0,1,0.0,,,,True
diag_2,140,1,1,0,1,0.0,,,,True
diag_2,V61,1,1,0,1,0.0,,,,True
diag_2,V60,1,1,0,1,0.0,,,,True
diag_2,806,1,1,0,1,0.0,,,,True
diag_2,145,1,1,0,1,0.0,,,,True
diag_2,78,1,1,0,1,0.0,,,,True
diag_2,163,1,1,0,1,0.0,,,,True
diag_2,V50,1,1,0,1,0.0,,,,True
diag_2,754,1,1,0,1,0.0,,,,True
diag_2,704,1,1,0,1,0.0,,,,True
diag_2,173,1,1,0,1,0.0,,,,True
diag_2,811,1,1,0,1,0.0,,,,True
diag_2,180,1,1,0,1,0.0,,,,True
diag_2,182,1,1,0,1,0.0,,,,True
diag_2,V25,1,1,0,1,0.0,,,,True
diag_2,186,1,1,1,0,1.0,,,,True
diag_2,192,1,1,0,1,0.0,,,,True
diag_2,752,1,1,0,1,0.0,,,,True
diag_2,195,1,1,0,1,0.0,,,,True
diag_2,212,1,1,0,1,0.0,,,,True
diag_2,V13,1,1,0,1,0.0,,,,True
diag_2,748,1,1,0,1,0.0,,,,True
diag_2,325,1,1,0,1,0.0,,,,True
diag_2,223,1,1,0,1,0.0,,,,True
diag_2,E918,1,1,0,1,0.0,,,,True
diag_2,35,1,1,0,1,0.0,,,,True
diag_2,843,1,1,0,1,0.0,,,,True
diag_2,987,1,1,0,1,0.0,,,,True
diag_2,977,1,1,0,1,0.0,,,,True
diag_2,974,1,1,0,1,0.0,,,,True
diag_2,879,1,1,0,1,0.0,,,,True
diag_2,88,1,1,0,1,0.0,,,,True
diag_2,968,1,1,0,1,0.0,,,,True
diag_2,880,1,1,0,1,0.0,,,,True
diag_2,46,1,1,0,1,0.0,,,,True
diag_2,963,1,1,0,1,0.0,,,,True
diag_2,96,1,1,1,0,1.0,,,,True
diag_2,460,1,1,0,1,0.0,,,,True
diag_2,605,1,1,0,1,0.0,,,,True
diag_2,955,1,1,0,1,0.0,,,,True
diag_2,952,1,1,0,1,0.0,,,,True
diag_2,947,1,1,0,1,0.0,,,,True
diag_2,944,1,1,0,1,0.0,,,,True
diag_2,942,1,1,0,1,0.0,,,,True
diag_2,884,1,1,0,1,0.0,,,,True
diag_2,580,1,1,0,1,0.0,,,,True
diag_2,927,1,1,0,1,0.0,,,,True
diag_2,475,1,1,0,1,0.0,,,,True
diag_2,893,1,1,0,1,0.0,,,,True
diag_2,894,1,1,1,0,1.0,,,,True
diag_2,5,1,1,0,1,0.0,,,,True
diag_2,52,1,1,0,1,0.0,,,,True
diag_2,906,1,1,0,1,0.0,,,,True
diag_2,917,1,1,0,1,0.0,,,,True
diag_2,529,1,1,0,1,0.0,,,,True
diag_2,520,1,1,0,1,0.0,,,,True
diag_2,912,1,1,0,1,0.0,,,,True
diag_2,980,1,1,0,1,0.0,,,,True
diag_2,99,1,1,0,1,0.0,,,,True
diag_2,E915,1,1,0,1,0.0,,,,True
diag_2,990,1,1,0,1,0.0,,,,True
diag_2,665,1,1,0,1,0.0,,,,True
diag_2,347,1,1,0,1,0.0,,,,True
diag_2,E900,1,1,0,1,0.0,,,,True
diag_2,E890,1,1,0,1,0.0,,,,True
diag_2,908,1,1,0,1,0.0,,,,True
diag_2,350,1,1,0,1,0.0,,,,True
diag_2,846,1,1,0,1,0.0,,,,True
diag_2,E883,1,1,0,1,0.0,,,,True
diag_2,E882,1,1,0,1,0.0,,,,True
diag_2,353,1,1,0,1,0.0,,,,True
diag_2,364,1,1,1,0,1.0,,,,True
diag_2,66,1,1,0,1,0.0,,,,True
diag_2,658,1,1,0,1,0.0,,,,True
diag_2,E868,1,1,0,1,0.0,,,,True
diag_2,374,1,1,0,1,0.0,,,,True
diag_2,E854,1,1,0,1,0.0,,,,True
diag_2,E853,1,1,0,1,0.0,,,,True
diag_2,E850,1,1,0,1,0.0,,,,True
diag_2,853,1,1,0,1,0.0,,,,True
diag_2,E829,1,1,0,1,0.0,,,,True
diag_2,E826,1,1,0,1,0.0,,,,True
diag_2,E818,1,1,0,1,0.0,,,,True
diag_2,E817,1,1,0,1,0.0,,,,True
diag_2,863,1,1,0,1,0.0,,,,True
diag_2,E813,1,1,0,1,0.0,,,,True
diag_2,388,1,1,0,1,0.0,,,,True
diag_2,615,1,1,0,1,0.0,,,,True
diag_2,994,1,1,0,1,0.0,,,,True
diag_2,871,1,1,0,1,0.0,,,,True
diag_2,800,1,1,0,1,0.0,,,,True
diag_3,250,15360,14115,1567,13793,0.10201822916666667,0.002532168165121292,0.09705527076023007,0.10698118757310326,False
diag_3,401,7492,7182,611,6881,0.08155365723438335,0.0031709039799581312,0.0753387996352307,0.087768514833536,False
diag_3,276,4622,4352,548,4074,0.11856339247079187,0.004859558853638614,0.10903883213690743,0.1280879528046763,False
diag_3,428,3997,3656,493,3504,0.12334250688016012,0.005275820940257417,0.11300208784837334,0.1336829259119469,False
diag_3,427,3431,3131,412,3019,0.12008160886039056,0.005568348909883904,0.10916784554366524,0.13099537217711588,False
diag_3,414,3258,3109,296,2962,0.09085328422344997,0.005088449339965412,0.08088010677996116,0.10082646166693879,False
diag_3,496,2256,2095,305,1951,0.1351950354609929,0.007322496447176713,0.12084320614760405,0.14954686477438175,False
diag_3,403,2104,1840,345,1759,0.16397338403041825,0.00839329880943647,0.14752282065243985,0.18042394740839665,False
diag_3,272,1820,1778,124,1696,0.06813186813186813,0.005961218406460922,0.05644809475122747,0.07981564151250878,False
diag_3,585,1780,1530,293,1487,0.1646067415730337,0.009335985320578815,0.1463085465845046,0.18290493656156281,False
diag_3,599,1716,1661,221,1495,0.12878787878787878,0.00810170369494133,0.1129088313323787,0.14466692624337887,False
diag_3,Unknown,1307,1247,83,1224,0.06350420811017597,0.010620825889497356,0.042687771880690575,0.08432064433966137,False
diag_3,V45,1232,1164,119,1113,0.09659090909090909,0.008476340242610923,0.07997758749468419,0.11320423068713399,False
diag_3,707,1180,1092,178,1002,0.15084745762711865,0.010738180117407492,0.1298010113374959,0.17189390391674142,False
diag_3,780,1171,1124,126,1045,0.107600341588386,0.009131179128881877,0.0897035593593937,0.1254971238173783,False
diag_3,285,1107,1089,116,991,0.10478771454381211,0.009204360670491732,0.08674749912893137,0.12282792995869285,False
diag_3,425,1006,949,118,888,0.1172962226640159,0.010308594151328048,0.0970917493961727,0.13750069593185912,False
diag_3,424,947,912,100,847,0.10559662090813093,0.010079921461428666,0.0858403378767384,0.12535290393952347,False
diag_3,305,845,807,68,777,0.08047337278106509,0.009476143556911511,0.06190047269718725,0.09904627286494293,False
diag_3,682,812,761,103,709,0.1268472906403941,0.011858960362617493,0.10360415543557576,0.15009042584521243,False
diag_3,584,800,785,111,689,0.13875,0.01243802942161085,0.11437191029499319,0.16312808970500683,False
diag_3,518,680,661,96,584,0.1411764705882353,0.013270449643196569,0.11516686722891761,0.16718607394755297,False
diag_3,41,661,647,52,609,0.07866868381240545,0.010344143080149491,0.058394535924383234,0.09894283170042767,False
diag_3,278,628,618,43,585,0.06847133757961783,0.010046127387119384,0.04878128971676237,0.08816138544247329,False
diag_3,493,627,604,69,558,0.11004784688995216,0.01264291623121064,0.08526818641722243,0.13482750736268187,False
diag_3,530,585,572,52,533,0.08888888888888889,0.011713354689182224,0.06593113555994838,0.1118466422178294,False
diag_3,786,542,534,58,484,0.1070110701107011,0.01340546617410867,0.08073683921347817,0.13328530100792405,False
diag_3,491,506,489,63,443,0.12450592885375494,0.015009885400487004,0.09508709405672686,0.15392476365078303,False
diag_3,244,494,484,42,452,0.08502024291497975,0.01277626782202812,0.059979218126966646,0.11006126770299286,False
diag_3,V58,492,473,48,444,0.0975609756097561,0.015379624464227604,0.06741746556411889,0.12770448565539333,False
diag_3,486,468,464,65,403,0.1388888888888889,0.0159856179876569,0.10755765336246573,0.17022012441531206,False
diag_3,280,367,366,45,322,0.1226158038147139,0.017097893473414325,0.0891045483953194,0.1561270592341084,False
diag_3,287,356,350,34,322,0.09550561797752809,0.015481585498083648,0.06516226797770655,0.12584896797734962,False
diag_3,357,354,350,48,306,0.13559322033898305,0.018075129220159632,0.10016661805156263,0.17101982262640347,False
diag_3,402,352,340,25,327,0.07102272727272728,0.013623657627726554,0.04432084898467885,0.09772460556077571,False
diag_3,411,343,338,36,307,0.10495626822157435,0.016897418290887048,0.0718379369397274,0.1380745995034213,False
diag_3,787,334,329,29,305,0.08682634730538923,0.01629485834711566,0.054889011811860663,0.11876368279891779,False
diag_3,788,329,326,35,294,0.10638297872340426,0.016927145041274193,0.07320638408142108,0.13955957336538743,False
diag_3,785,327,323,69,258,0.21100917431192662,0.02273708777543386,0.16644530115875034,0.2555730474651029,False
diag_3,511,327,315,60,267,0.1834862385321101,0.022129070666547967,0.14011405701433433,0.22685842004988588,False
diag_3,593,308,306,32,276,0.1038961038961039,0.017364572422984545,0.06986216734011678,0.137930040452091,False
diag_3,197,304,272,63,241,0.20723684210526316,0.026467256225324837,0.15536197313403297,0.25911171107649333,False
diag_3,412,301,298,24,277,0.07973421926910298,0.015653100722934504,0.049054705605773484,0.11041373293243248,False
diag_3,413,297,294,21,276,0.0707070707070707,0.014752008820114376,0.04179366472002932,0.09962047669411209,False
diag_3,V15,294,281,31,263,0.1054421768707483,0.020444705337721174,0.06537129073428102,0.1455130630072156,False
diag_3,799,274,271,34,240,0.12408759124087591,0.019984559857520783,0.08491857367325029,0.16325660880850154,False
diag_3,560,273,269,35,238,0.1282051282051282,0.022209576245975013,0.08467515865112088,0.1717350977591355,False
diag_3,998,273,271,32,241,0.11721611721611722,0.019523800077478497,0.07895017222289906,0.15548206220933536,False
diag_3,571,269,236,35,234,0.13011152416356878,0.02315221606809117,0.08473401450782056,0.175489033819317,False
diag_3,438,268,256,33,235,0.12313432835820895,0.02018342179779191,0.08357554854975616,0.16269310816666174,False
diag_3,294,266,258,31,235,0.11654135338345864,0.020169361210148694,0.07701013182038802,0.15607257494652926,False
diag_3,995,264,258,31,233,0.11742424242424243,0.020291559267613585,0.07765351706955986,0.157194967778925,False
diag_3,458,262,258,22,240,0.08396946564885496,0.017816587109364575,0.049049596587079816,0.11888933471063011,False
diag_3,789,260,252,45,215,0.17307692307692307,0.023350475510125396,0.12731083205519278,0.21884301409865337,False
diag_3,997,258,257,26,232,0.10077519379844961,0.0187860836418697,0.06395514644982796,0.13759524114707128,False
diag_3,535,256,252,26,230,0.1015625,0.019584064582088733,0.06317843874819963,0.13994656125180038,False
diag_3,536,252,219,64,188,0.25396825396825395,0.029989979103232027,0.19518897502881039,0.3127475329076975,False
diag_3,70,245,217,36,209,0.1469387755102041,0.021810426314289706,0.10419112544673162,0.18968642557367657,False
diag_3,996,243,240,43,200,0.17695473251028807,0.02447515061689844,0.12898431878497385,0.22492514623560228,False
diag_3,426,243,237,24,219,0.09876543209876543,0.01976741033840765,0.06002201976786173,0.13750884442966912,False
diag_3,295,235,214,27,208,0.1148936170212766,0.023398625005877242,0.0690331547219989,0.1607540793205543,False
diag_3,V10,218,216,14,204,0.06422018348623854,0.01764750776703273,0.02963170384596353,0.09880866312651354,False
diag_3,V42,214,192,27,187,0.1261682242990654,0.022537707379036473,0.08199512954205132,0.1703413190560795,False
diag_3,263,212,204,36,176,0.16981132075471697,0.026033182207548626,0.11878722122495275,0.2208354202844812,False
diag_3,578,211,207,32,179,0.15165876777251186,0.024836835018458896,0.10297946564636923,0.2003380698986545,False
diag_3,300,211,208,23,188,0.10900473933649289,0.021198315780302217,0.06745680387419348,0.1505526747987923,False
diag_3,E849,207,206,22,185,0.10628019323671498,0.021485611550195804,0.06416916841251341,0.14839121806091654,False
diag_3,784,205,201,33,172,0.16097560975609757,0.026155778102946406,0.10971122668670125,0.21223999282549388,False
diag_3,396,198,198,26,172,0.13131313131313133,0.02406315641682249,0.08415021138180537,0.17847605124445728,False
diag_3,440,195,189,29,166,0.14871794871794872,0.025244485364118396,0.09923966659602818,0.19819623083986926,False
diag_3,715,193,192,18,175,0.09326424870466321,0.020998321128536824,0.05210829555692459,0.13442020185240183,False
diag_3,112,192,189,21,171,0.109375,0.022495451460661186,0.06528472532113513,0.15346527467886487,False
diag_3,311,190,186,17,173,0.08947368421052632,0.021763062252304732,0.046818866002705906,0.13212850241834673,False
diag_3,V43,189,183,16,173,0.08465608465608465,0.02136983683673461,0.04277197410058748,0.12654019521158183,False
diag_3,453,188,181,33,155,0.17553191489361702,0.02780870593498488,0.12102785280438143,0.2300359769828526,False
diag_3,V12,187,184,27,160,0.1443850267379679,0.026465722636001908,0.09251316354657772,0.19625688992935808,False
diag_3,733,182,177,24,158,0.13186813186813187,0.02552631445463294,0.08183747487900714,0.1818987888572566,False
diag_3,790,180,180,25,155,0.1388888888888889,0.025848588502152773,0.08822658637347333,0.18955119140430446,False
diag_3,198,178,168,24,154,0.1348314606741573,0.02508308162058423,0.08566952407653365,0.18399339727178093,False
diag_3,303,177,168,18,159,0.1016949152542373,0.022500185158384558,0.057595362698320926,0.14579446781015365,False
diag_3,443,176,173,20,156,0.11363636363636363,0.023735505517395415,0.0671156276674169,0.16015709960531038,False
diag_3,562,176,174,17,159,0.09659090909090909,0.02221726433466275,0.05304587115996387,0.1401359470218543,False
diag_3,730,176,170,22,154,0.125,0.025623921297319618,0.07477803711456471,0.1752219628854353,False
diag_3,296,175,167,18,157,0.10285714285714286,0.02306642633755801,0.05764777798348303,0.14806650773080268,False
diag_3,8,167,164,30,137,0.17964071856287425,0.02925694858405956,0.1222981530405774,0.2369832840851711,False
diag_3,331,160,154,25,135,0.15625,0.02813772718342431,0.10110106811367471,0.2113989318863253,False
diag_3,416,158,155,18,140,0.11392405063291139,0.02505614344575481,0.06481491188776264,0.16303318937806013,False
diag_3,E878,156,154,14,142,0.08974358974358974,0.02298710028588582,0.04468970107424317,0.13479747841293632,False
diag_3,410,149,148,16,133,0.10738255033557047,0.02527808283561365,0.057838418379547604,0.15692668229159334,False
diag_3,304,147,123,24,123,0.16326530612244897,0.028320277564657007,0.10775858206354355,0.21877203018135438,False
diag_3,492,146,146,14,132,0.0958904109589041,0.024451985328751813,0.047965400364048776,0.14381542155375943,False
diag_3,397,143,140,12,131,0.08391608391608392,0.02313576858679416,0.03857081073131424,0.1292613571008536,False
diag_3,724,140,138,13,127,0.09285714285714286,0.024264211288674665,0.04530016261807032,0.1404141230962154,False
diag_3,162,139,128,28,111,0.2014388489208633,0.03627373089489496,0.13034364278197136,0.27253405505975525,False
diag_3,729,137,136,16,121,0.11678832116788321,0.02756723252744666,0.06275753826064669,0.17081910407511974,False
diag_3,515,136,132,15,121,0.11029411764705882,0.028376994896326824,0.05467622966078134,0.1659120056333363,False
diag_3,553,135,135,9,126,0.06666666666666667,,,,True
diag_3,591,132,125,16,116,0.12121212121212122,0.02951200788236206,0.0633696486512294,0.17905459377301303,False
diag_3,E888,129,128,14,115,0.10852713178294573,0.027279631674271707,0.05506003618985511,0.16199422737603636,False
diag_3,466,128,128,9,119,0.0703125,,,,True
diag_3,342,127,125,23,104,0.18110236220472442,0.03409881817472495,0.1142699066668837,0.24793481774256515,False
diag_3,577,125,120,23,102,0.184,0.03736219107173284,0.1107714511158997,0.2572285488841003,False
diag_3,284,125,120,24,101,0.192,0.03612830022725847,0.12118983273192317,0.2628101672680768,False
diag_3,38,123,122,15,108,0.12195121951219512,0.029385101808991003,0.06435747828452998,0.17954496073986026,False
diag_3,433,122,120,12,110,0.09836065573770492,0.026627196928551308,0.04617230874848882,0.150549002726921,False
diag_3,574,121,121,12,109,0.09917355371900827,0.02728524631275897,0.045695453636696394,0.15265165380132015,False
diag_3,781,118,118,11,107,0.09322033898305085,0.026879011508669975,0.04053844448602009,0.1459022334800816,False
diag_3,564,115,115,12,103,0.10434782608695652,0.028632480218978584,0.04822919606970299,0.16046645610421004,False
diag_3,731,115,109,10,105,0.08695652173913043,0.02627616873046031,0.03545617737573069,0.13845686610253016,False
diag_3,782,114,113,13,101,0.11403508771929824,0.029936090859844916,0.05536142779608352,0.17270874764251296,False
diag_3,E885,113,113,9,104,0.07964601769911504,,,,True
diag_3,404,113,112,15,98,0.13274336283185842,0.03210524519411627,0.0698182385365629,0.19566848712715396,False
diag_3,722,112,110,8,104,0.07142857142857142,,,,True
diag_3,286,111,106,18,93,0.16216216216216217,0.034314676880452595,0.09490663133534585,0.2294176929889785,False
diag_3,648,106,101,9,97,0.08490566037735849,,,,True
diag_3,288,105,105,9,96,0.08571428571428572,,,,True
diag_3,202,104,98,13,91,0.125,0.03425562287731556,0.057860212892475185,0.19213978710752483,False
diag_3,558,103,103,11,92,0.10679611650485436,0.030581088928331338,0.04685828359730836,0.16673394941240036,False
diag_3,459,101,101,13,88,0.12871287128712872,0.033488187178787654,0.06307723050916894,0.1943485120650885,False
diag_3,794,100,100,12,88,0.12,0.03265986323710904,0.05598784431526256,0.18401215568473744,False
diag_3,569,100,100,14,86,0.14,0.034873508801977704,0.07164917873358317,0.20835082126641685,False
diag_3,710,98,92,11,87,0.11224489795918367,0.03444092689433021,0.04474192165211954,0.1797478742662478,False
diag_3,728,98,97,11,87,0.11224489795918367,0.03172412735302058,0.050066750906301354,0.17442304501206599,False
diag_3,211,96,96,12,84,0.125,0.03393104462691481,0.05849637457342567,0.19150362542657434,False
diag_3,V85,95,93,9,86,0.09473684210526316,,,,True
diag_3,719,94,94,15,79,0.1595744680851064,0.03797430614378279,0.08514619570539404,0.23400274046481873,False
diag_3,196,93,87,16,77,0.17204301075268819,0.04371628461870721,0.08636066736211975,0.2577253541432566,False
diag_3,337,92,87,12,80,0.13043478260869565,0.03562752100139668,0.060606124587513785,0.2002634406298775,False
diag_3,301,85,77,10,75,0.11764705882352941,0.037200217572546816,0.04473597216428364,0.19055814548277517,False
diag_3,596,85,84,14,71,0.16470588235294117,0.03999401303359226,0.08631905720987486,0.24309270749600748,False
diag_3,V09,82,82,6,76,0.07317073170731707,,,,True
diag_3,583,81,81,7,74,0.08641975308641975,,,,True
diag_3,332,80,79,11,69,0.1375,0.03882539417665656,0.061403625728182046,0.213596374271818,False
diag_3,275,79,76,8,71,0.10126582278481013,,,,True
diag_3,327,78,76,4,74,0.05128205128205128,,,,True
diag_3,455,76,75,6,70,0.07894736842105263,,,,True
diag_3,581,74,72,21,53,0.28378378378378377,0.05234369701225377,0.18119202282208957,0.386375544745478,False
diag_3,714,74,73,6,68,0.08108108108108109,,,,True
diag_3,716,73,73,8,65,0.1095890410958904,,,,True
diag_3,600,73,73,4,69,0.0547945205479452,,,,True
diag_3,290,71,71,5,66,0.07042253521126761,,,,True
diag_3,437,70,70,6,64,0.08571428571428572,,,,True
diag_3,681,69,69,9,60,0.13043478260869565,,,,True
diag_3,293,69,69,7,62,0.10144927536231885,,,,True
diag_3,E932,68,68,7,61,0.10294117647058823,,,,True
diag_3,242,67,66,7,60,0.1044776119402985,,,,True
diag_3,465,65,64,4,61,0.06153846153846154,,,,True
diag_3,429,64,64,6,58,0.09375,,,,True
diag_3,255,63,57,15,48,0.23809523809523808,0.053717024740443,0.1328118042473228,0.34337867194315336,False
diag_3,592,61,61,7,54,0.11475409836065574,,,,True
diag_3,274,60,60,4,56,0.06666666666666667,,,,True
diag_3,362,59,59,5,54,0.0847457627118644,,,,True
diag_3,E879,58,58,7,51,0.1206896551724138,,,,True
diag_3,568,58,58,4,54,0.06896551724137931,,,,True
diag_3,204,58,55,7,51,0.1206896551724138,,,,True
diag_3,V46,57,51,9,48,0.15789473684210525,,,,True
diag_3,507,57,57,7,50,0.12280701754385964,,,,True
diag_3,135,57,52,5,52,0.08771929824561403,,,,True
diag_3,V54,57,57,4,53,0.07017543859649122,,,,True
diag_3,292,56,56,7,49,0.125,,,,True
diag_3,490,55,55,2,53,0.03636363636363636,,,,True
diag_3,435,55,55,5,50,0.09090909090909091,,,,True
diag_3,473,55,54,2,53,0.03636363636363636,,,,True
diag_3,203,55,45,5,50,0.09090909090909091,,,,True
diag_3,340,54,46,7,47,0.12962962962962962,,,,True
diag_3,344,54,54,3,51,0.05555555555555555,,,,True
diag_3,348,52,52,3,49,0.057692307692307696,,,,True
diag_3,721,52,52,4,48,0.07692307692307693,,,,True
diag_3,783,52,52,6,46,0.11538461538461539,,,,True
diag_3,218,51,50,4,47,0.0784313725490196,,,,True
diag_3,625,49,49,2,47,0.04081632653061224,,,,True
diag_3,185,49,48,5,44,0.10204081632653061,,,,True
diag_3,595,49,48,6,43,0.12244897959183673,,,,True
diag_3,153,49,47,7,42,0.14285714285714285,,,,True
diag_3,E942,48,48,7,41,0.14583333333333334,,,,True
diag_3,573,48,46,7,41,0.14583333333333334,,,,True
diag_3,482,47,47,7,40,0.14893617021276595,,,,True
diag_3,531,47,47,4,43,0.0851063829787234,,,,True
diag_3,441,47,47,5,42,0.10638297872340426,,,,True
diag_3,V49,47,46,9,38,0.19148936170212766,,,,True
diag_3,79,45,45,4,41,0.08888888888888889,,,,True
diag_3,590,44,43,3,41,0.06818181818181818,,,,True
diag_3,V64,44,44,8,36,0.18181818181818182,,,,True
diag_3,575,43,43,4,39,0.09302325581395349,,,,True
diag_3,174,43,42,9,34,0.20930232558139536,,,,True
diag_3,309,41,41,7,34,0.17073170731707318,,,,True
diag_3,572,40,38,7,33,0.175,,,,True
diag_3,253,40,38,2,38,0.05,,,,True
diag_3,444,40,40,8,32,0.2,,,,True
diag_3,277,38,36,4,34,0.10526315789473684,,,,True
diag_3,434,38,38,7,31,0.18421052631578946,,,,True
diag_3,873,37,37,1,36,0.02702702702702703,,,,True
diag_3,289,37,36,3,34,0.08108108108108109,,,,True
diag_3,V27,37,37,0,37,0.0,,,,True
diag_3,291,37,36,4,33,0.10810810810810811,,,,True
diag_3,924,37,37,3,34,0.08108108108108109,,,,True
diag_3,576,36,36,6,30,0.16666666666666666,,,,True
diag_3,E947,36,36,4,32,0.1111111111111111,,,,True
diag_3,447,35,34,6,29,0.17142857142857143,,,,True
diag_3,281,35,35,4,31,0.11428571428571428,,,,True
diag_3,238,35,35,8,27,0.22857142857142856,,,,True
diag_3,345,35,35,5,30,0.14285714285714285,,,,True
diag_3,298,34,34,6,28,0.17647058823529413,,,,True
diag_3,517,34,32,2,32,0.058823529411764705,,,,True
diag_3,282,34,33,4,30,0.11764705882352941,,,,True
diag_3,346,33,33,5,28,0.15151515151515152,,,,True
diag_3,642,33,33,0,33,0.0,,,,True
diag_3,199,33,32,7,26,0.21212121212121213,,,,True
diag_3,807,32,32,6,26,0.1875,,,,True
diag_3,338,32,32,4,28,0.125,,,,True
diag_3,456,31,29,4,27,0.12903225806451613,,,,True
diag_3,519,31,31,3,28,0.0967741935483871,,,,True
diag_3,726,31,31,1,30,0.03225806451612903,,,,True
diag_3,368,30,30,2,28,0.06666666666666667,,,,True
diag_3,626,30,30,0,30,0.0,,,,True
diag_3,723,30,30,6,24,0.2,,,,True
diag_3,812,29,29,3,26,0.10344827586206896,,,,True
diag_3,478,29,29,1,28,0.034482758620689655,,,,True
diag_3,618,29,29,1,28,0.034482758620689655,,,,True
diag_3,333,29,29,2,27,0.06896551724137931,,,,True
diag_3,727,29,29,5,24,0.1724137931034483,,,,True
diag_3,537,29,29,0,29,0.0,,,,True
diag_3,614,29,27,3,26,0.10344827586206896,,,,True
diag_3,620,28,27,0,28,0.0,,,,True
diag_3,E935,28,28,4,24,0.14285714285714285,,,,True
diag_3,157,28,25,6,22,0.21428571428571427,,,,True
diag_3,512,27,27,5,22,0.18518518518518517,,,,True
diag_3,616,27,27,1,26,0.037037037037037035,,,,True
diag_3,659,27,27,0,27,0.0,,,,True
diag_3,319,26,26,3,23,0.11538461538461539,,,,True
diag_3,446,26,26,3,23,0.11538461538461539,,,,True
diag_3,555,25,23,2,23,0.08,,,,True
diag_3,588,25,24,2,23,0.08,,,,True
diag_3,356,25,24,1,24,0.04,,,,True
diag_3,805,24,24,4,20,0.16666666666666666,,,,True
diag_3,532,24,24,2,22,0.08333333333333333,,,,True
diag_3,415,24,24,3,21,0.125,,,,True
diag_3,369,24,24,1,23,0.041666666666666664,,,,True
diag_3,999,24,24,2,22,0.08333333333333333,,,,True
diag_3,V65,24,24,3,21,0.125,,,,True
diag_3,617,23,23,1,22,0.043478260869565216,,,,True
diag_3,252,23,23,3,20,0.13043478260869565,,,,True
diag_3,V44,23,23,2,21,0.08695652173913043,,,,True
diag_3,442,23,22,1,22,0.043478260869565216,,,,True
diag_3,E880,23,23,4,19,0.17391304347826086,,,,True
diag_3,42,23,21,8,15,0.34782608695652173,,,,True
diag_3,E884,23,23,3,20,0.13043478260869565,,,,True
diag_3,738,22,22,0,22,0.0,,,,True
diag_3,920,22,22,3,19,0.13636363636363635,,,,True
diag_3,423,22,22,1,21,0.045454545454545456,,,,True
diag_3,V62,22,22,1,21,0.045454545454545456,,,,True
diag_3,696,21,20,2,19,0.09523809523809523,,,,True
diag_3,398,21,21,3,18,0.14285714285714285,,,,True
diag_3,533,21,21,1,20,0.047619047619047616,,,,True
diag_3,53,21,21,3,18,0.14285714285714285,,,,True
diag_3,94,20,19,1,19,0.05,,,,True
diag_3,457,20,20,2,18,0.1,,,,True
diag_3,711,20,20,4,16,0.2,,,,True
diag_3,189,20,20,1,19,0.05,,,,True
diag_3,E934,20,20,2,18,0.1,,,,True
diag_3,959,20,20,1,19,0.05,,,,True
diag_3,461,20,20,2,18,0.1,,,,True
diag_3,824,19,18,1,18,0.05263157894736842,,,,True
diag_3,110,19,19,2,17,0.10526315789473684,,,,True
diag_3,808,19,18,2,17,0.10526315789473684,,,,True
diag_3,365,19,19,3,16,0.15789473684210525,,,,True
diag_3,E812,19,19,1,18,0.05263157894736842,,,,True
diag_3,601,19,19,1,18,0.05263157894736842,,,,True
diag_3,138,18,17,6,12,0.3333333333333333,,,,True
diag_3,E944,18,18,5,13,0.2777777777777778,,,,True
diag_3,V08,18,18,2,16,0.1111111111111111,,,,True
diag_3,646,18,18,1,17,0.05555555555555555,,,,True
diag_3,V17,18,18,0,18,0.0,,,,True
diag_3,813,17,17,2,15,0.11764705882352941,,,,True
diag_3,386,17,17,0,17,0.0,,,,True
diag_3,355,17,17,0,17,0.0,,,,True
diag_3,205,17,16,1,16,0.058823529411764705,,,,True
diag_3,802,17,17,2,15,0.11764705882352941,,,,True
diag_3,487,17,17,2,15,0.11764705882352941,,,,True
diag_3,567,17,17,1,16,0.058823529411764705,,,,True
diag_3,611,17,17,0,17,0.0,,,,True
diag_3,266,17,17,2,15,0.11764705882352941,,,,True
diag_3,627,17,17,0,17,0.0,,,,True
diag_3,736,17,17,0,17,0.0,,,,True
diag_3,737,17,17,1,16,0.058823529411764705,,,,True
diag_3,820,16,16,3,13,0.1875,,,,True
diag_3,477,16,16,2,14,0.125,,,,True
diag_3,792,16,16,1,15,0.0625,,,,True
diag_3,394,16,16,3,13,0.1875,,,,True
diag_3,725,16,16,1,15,0.0625,,,,True
diag_3,358,16,16,0,16,0.0,,,,True
diag_3,745,15,15,1,14,0.06666666666666667,,,,True
diag_3,923,15,15,0,15,0.0,,,,True
diag_3,905,15,15,0,15,0.0,,,,True
diag_3,462,15,15,1,14,0.06666666666666667,,,,True
diag_3,556,15,15,0,15,0.0,,,,True
diag_3,V18,15,15,0,15,0.0,,,,True
diag_3,922,15,15,0,15,0.0,,,,True
diag_3,753,15,13,1,14,0.06666666666666667,,,,True
diag_3,307,14,14,0,14,0.0,,,,True
diag_3,693,14,14,2,12,0.14285714285714285,,,,True
diag_3,494,14,13,2,12,0.14285714285714285,,,,True
diag_3,791,14,14,2,12,0.14285714285714285,,,,True
diag_3,343,14,12,2,12,0.14285714285714285,,,,True
diag_3,663,14,14,0,14,0.0,,,,True
diag_3,598,14,14,2,12,0.14285714285714285,,,,True
diag_3,349,14,14,0,14,0.0,,,,True
diag_3,709,14,14,1,13,0.07142857142857142,,,,True
diag_3,664,13,13,0,13,0.0,,,,True
diag_3,621,13,13,0,13,0.0,,,,True
diag_3,713,13,13,1,12,0.07692307692307693,,,,True
diag_3,840,13,13,1,12,0.07692307692307693,,,,True
diag_3,692,13,13,1,12,0.07692307692307693,,,,True
diag_3,608,13,13,2,11,0.15384615384615385,,,,True
diag_3,382,13,13,2,11,0.15384615384615385,,,,True
diag_3,796,13,13,0,13,0.0,,,,True
diag_3,389,13,13,1,12,0.07692307692307693,,,,True
diag_3,552,13,13,2,11,0.15384615384615385,,,,True
diag_3,188,13,13,1,12,0.07692307692307693,,,,True
diag_3,154,13,13,2,11,0.15384615384615385,,,,True
diag_3,E930,13,13,1,12,0.07692307692307693,,,,True
diag_3,54,12,12,0,12,0.0,,,,True
diag_3,V63,12,12,1,11,0.08333333333333333,,,,True
diag_3,273,12,12,4,8,0.3333333333333333,,,,True
diag_3,521,12,12,3,9,0.25,,,,True
diag_3,514,12,12,1,11,0.08333333333333333,,,,True
diag_3,501,12,12,1,11,0.08333333333333333,,,,True
diag_3,E939,12,12,0,12,0.0,,,,True
diag_3,E931,12,12,1,11,0.08333333333333333,,,,True
diag_3,E933,12,12,2,10,0.16666666666666666,,,,True
diag_3,V14,12,12,1,11,0.08333333333333333,,,,True
diag_3,647,12,12,0,12,0.0,,,,True
diag_3,454,12,11,0,12,0.0,,,,True
diag_3,582,11,11,1,10,0.09090909090909091,,,,True
diag_3,686,11,11,2,9,0.18181818181818182,,,,True
diag_3,586,11,11,1,10,0.09090909090909091,,,,True
diag_3,680,11,11,1,10,0.09090909090909091,,,,True
diag_3,656,11,11,0,11,0.0,,,,True
diag_3,654,11,11,0,11,0.0,,,,True
diag_3,916,11,11,0,11,0.0,,,,True
diag_3,522,11,11,3,8,0.2727272727272727,,,,True
diag_3,150,11,11,3,8,0.2727272727272727,,,,True
diag_3,557,11,11,3,8,0.2727272727272727,,,,True
diag_3,261,11,11,4,7,0.36363636363636365,,,,True
diag_3,516,11,11,0,11,0.0,,,,True
diag_3,310,11,11,2,9,0.18181818181818182,,,,True
diag_3,698,10,10,1,9,0.1,,,,True
diag_3,607,10,10,2,8,0.2,,,,True
diag_3,283,10,9,3,7,0.3,,,,True
diag_3,241,10,10,1,9,0.1,,,,True
diag_3,883,10,10,0,10,0.0,,,,True
diag_3,E928,10,10,1,9,0.1,,,,True
diag_3,351,10,10,0,10,0.0,,,,True
diag_3,201,10,8,1,9,0.1,,,,True
diag_3,694,10,10,0,10,0.0,,,,True
diag_3,380,10,10,1,9,0.1,,,,True
diag_3,867,10,10,2,8,0.2,,,,True
diag_3,183,10,9,2,8,0.2,,,,True
diag_3,378,10,10,1,9,0.1,,,,True
diag_3,E881,9,9,0,9,0.0,,,,True
diag_3,405,9,9,1,8,0.1111111111111111,,,,True
diag_3,451,9,9,1,8,0.1111111111111111,,,,True
diag_3,354,9,9,0,9,0.0,,,,True
diag_3,845,9,9,0,9,0.0,,,,True
diag_3,E816,9,9,2,7,0.2222222222222222,,,,True
diag_3,155,9,9,3,6,0.3333333333333333,,,,True
diag_3,892,9,9,2,7,0.2222222222222222,,,,True
diag_3,907,9,9,0,9,0.0,,,,True
diag_3,594,9,9,0,9,0.0,,,,True
diag_3,317,9,9,0,9,0.0,,,,True
diag_3,260,9,9,0,9,0.0,,,,True
diag_3,312,9,9,2,7,0.2222222222222222,,,,True
diag_3,279,9,9,2,7,0.2222222222222222,,,,True
diag_3,746,9,9,0,9,0.0,,,,True
diag_3,958,8,8,0,8,0.0,,,,True
diag_3,372,8,8,1,7,0.125,,,,True
diag_3,649,8,8,0,8,0.0,,,,True
diag_3,E819,8,8,0,8,0.0,,,,True
diag_3,836,8,8,0,8,0.0,,,,True
diag_3,V55,8,8,2,6,0.25,,,,True
diag_3,432,8,8,1,7,0.125,,,,True
diag_3,718,8,8,0,8,0.0,,,,True
diag_3,705,8,8,1,7,0.125,,,,True
diag_3,793,8,8,0,8,0.0,,,,True
diag_3,610,8,8,0,8,0.0,,,,True
diag_3,208,8,8,1,7,0.125,,,,True
diag_3,151,8,8,0,8,0.0,,,,True
diag_3,580,8,8,2,6,0.25,,,,True
diag_3,579,8,8,0,8,0.0,,,,True
diag_3,747,8,8,0,8,0.0,,,,True
diag_3,945,8,8,1,7,0.125,,,,True
diag_3,200,7,7,2,5,0.2857142857142857,,,,True
diag_3,969,7,7,1,6,0.14285714285714285,,,,True
diag_3,251,7,7,1,6,0.14285714285714285,,,,True
diag_3,717,7,7,0,7,0.0,,,,True
diag_3,695,7,7,2,5,0.2857142857142857,,,,True
diag_3,E927,7,7,2,5,0.2857142857142857,,,,True
diag_3,570,7,7,1,6,0.14285714285714285,,,,True
diag_3,E870,7,7,0,7,0.0,,,,True
diag_3,741,7,7,1,6,0.14285714285714285,,,,True
diag_3,861,7,7,1,6,0.14285714285714285,,,,True
diag_3,228,7,7,0,7,0.0,,,,True
diag_3,V16,7,7,0,7,0.0,,,,True
diag_3,652,7,7,0,7,0.0,,,,True
diag_3,225,7,7,1,6,0.14285714285714285,,,,True
diag_3,V57,7,7,0,7,0.0,,,,True
diag_3,359,7,7,0,7,0.0,,,,True
diag_3,270,7,7,0,7,0.0,,,,True
diag_3,962,7,7,0,7,0.0,,,,True
diag_3,712,7,7,1,6,0.14285714285714285,,,,True
diag_3,E929,7,7,1,6,0.14285714285714285,,,,True
diag_3,117,7,7,3,4,0.42857142857142855,,,,True
diag_3,708,7,7,1,6,0.14285714285714285,,,,True
diag_3,262,7,7,1,6,0.14285714285714285,,,,True
diag_3,V72,7,7,1,6,0.14285714285714285,,,,True
diag_3,991,7,7,1,6,0.14285714285714285,,,,True
diag_3,704,7,7,0,7,0.0,,,,True
diag_3,823,7,7,0,7,0.0,,,,True
diag_3,227,6,6,0,6,0.0,,,,True
diag_3,34,6,6,0,6,0.0,,,,True
diag_3,379,6,6,1,5,0.16666666666666666,,,,True
diag_3,179,6,6,1,5,0.16666666666666666,,,,True
diag_3,825,6,6,0,6,0.0,,,,True
diag_3,860,6,6,0,6,0.0,,,,True
diag_3,882,6,6,0,6,0.0,,,,True
diag_3,383,6,6,1,5,0.16666666666666666,,,,True
diag_3,E938,6,6,0,6,0.0,,,,True
diag_3,246,6,6,0,6,0.0,,,,True
diag_3,297,6,6,1,5,0.16666666666666666,,,,True
diag_3,605,6,6,1,5,0.16666666666666666,,,,True
diag_3,E936,6,6,1,5,0.16666666666666666,,,,True
diag_3,E937,6,6,1,5,0.16666666666666666,,,,True
diag_3,821,6,6,0,6,0.0,,,,True
diag_3,619,6,6,2,4,0.3333333333333333,,,,True
diag_3,431,6,6,0,6,0.0,,,,True
diag_3,756,6,6,2,4,0.3333333333333333,,,,True
diag_3,V53,6,6,0,6,0.0,,,,True
diag_3,9,5,5,0,5,0.0,,,,True
diag_3,334,5,3,1,4,0.2,,,,True
diag_3,472,5,5,0,5,0.0,,,,True
diag_3,913,5,5,2,3,0.4,,,,True
diag_3,934,5,5,1,4,0.2,,,,True
diag_3,481,5,5,0,5,0.0,,,,True
diag_3,318,5,5,0,5,0.0,,,,True
diag_3,909,5,5,2,3,0.4,,,,True
diag_3,506,5,4,2,3,0.4,,,,True
diag_3,508,5,5,0,5,0.0,,,,True
diag_3,965,5,5,0,5,0.0,,,,True
diag_3,233,5,5,1,4,0.2,,,,True
diag_3,131,5,5,1,4,0.2,,,,True
diag_3,758,5,5,0,5,0.0,,,,True
diag_3,881,5,5,0,5,0.0,,,,True
diag_3,810,5,5,0,5,0.0,,,,True
diag_3,527,5,5,0,5,0.0,,,,True
diag_3,V61,5,5,0,5,0.0,,,,True
diag_3,751,5,5,1,4,0.2,,,,True
diag_3,752,5,5,0,5,0.0,,,,True
diag_3,306,5,5,1,4,0.2,,,,True
diag_3,E941,5,5,0,5,0.0,,,,True
diag_3,256,5,5,1,4,0.2,,,,True
diag_3,E906,5,5,0,5,0.0,,,,True
diag_3,815,5,5,0,5,0.0,,,,True
diag_3,847,5,5,0,5,0.0,,,,True
diag_3,V03,5,5,0,5,0.0,,,,True
diag_3,701,5,5,0,5,0.0,,,,True
diag_3,420,5,5,2,3,0.4,,,,True
diag_3,421,5,5,0,5,0.0,,,,True
diag_3,644,5,5,0,5,0.0,,,,True
diag_3,E887,5,5,1,4,0.2,,,,True
diag_3,658,5,5,0,5,0.0,,,,True
diag_3,366,5,5,0,5,0.0,,,,True
diag_3,665,5,5,0,5,0.0,,,,True
diag_3,623,5,5,0,5,0.0,,,,True
diag_3,E850,5,5,0,5,0.0,,,,True
diag_3,660,5,5,1,4,0.2,,,,True
diag_3,172,5,5,0,5,0.0,,,,True
diag_3,V13,5,5,0,5,0.0,,,,True
diag_3,220,5,5,0,5,0.0,,,,True
diag_3,388,5,5,0,5,0.0,,,,True
diag_3,917,5,5,0,5,0.0,,,,True
diag_3,831,4,4,0,4,0.0,,,,True
diag_3,910,4,4,0,4,0.0,,,,True
diag_3,915,4,4,0,4,0.0,,,,True
diag_3,921,4,4,1,3,0.25,,,,True
diag_3,826,4,4,0,4,0.0,,,,True
diag_3,906,4,4,0,4,0.0,,,,True
diag_3,891,4,4,1,3,0.25,,,,True
diag_3,850,4,4,0,4,0.0,,,,True
diag_3,865,4,4,0,4,0.0,,,,True
diag_3,495,4,4,0,4,0.0,,,,True
diag_3,742,4,4,0,4,0.0,,,,True
diag_3,313,4,4,1,3,0.25,,,,True
diag_3,510,4,4,0,4,0.0,,,,True
diag_3,500,4,4,0,4,0.0,,,,True
diag_3,464,4,4,0,4,0.0,,,,True
diag_3,436,4,4,1,3,0.25,,,,True
diag_3,E950,4,4,0,4,0.0,,,,True
diag_3,V02,4,4,1,3,0.25,,,,True
diag_3,35,4,4,0,4,0.0,,,,True
diag_3,347,4,3,1,3,0.25,,,,True
diag_3,336,4,4,1,3,0.25,,,,True
diag_3,335,4,4,0,4,0.0,,,,True
diag_3,240,4,4,0,4,0.0,,,,True
diag_3,528,4,4,1,3,0.25,,,,True
diag_3,239,4,4,0,4,0.0,,,,True
diag_3,V23,4,4,0,4,0.0,,,,True
diag_3,191,4,4,0,4,0.0,,,,True
diag_3,182,4,4,0,4,0.0,,,,True
diag_3,180,4,4,0,4,0.0,,,,True
diag_3,163,4,4,0,4,0.0,,,,True
diag_3,156,4,4,3,1,0.75,,,,True
diag_3,V60,4,4,2,2,0.5,,,,True
diag_3,141,4,3,1,3,0.25,,,,True
diag_3,V66,4,4,0,4,0.0,,,,True
diag_3,523,4,4,1,3,0.25,,,,True
diag_3,908,4,4,1,3,0.25,,,,True
diag_3,661,4,4,0,4,0.0,,,,True
diag_3,543,4,4,0,4,0.0,,,,True
diag_3,565,4,4,0,4,0.0,,,,True
diag_3,604,4,4,1,3,0.25,,,,True
diag_3,E818,4,4,0,4,0.0,,,,True
diag_3,E917,4,4,1,3,0.25,,,,True
diag_3,550,4,4,1,3,0.25,,,,True
diag_3,566,4,4,0,4,0.0,,,,True
diag_3,653,4,4,0,4,0.0,,,,True
diag_3,171,3,3,0,3,0.0,,,,True
diag_3,E916,3,3,0,3,0.0,,,,True
diag_3,E905,3,3,0,3,0.0,,,,True
diag_3,851,3,3,0,3,0.0,,,,True
diag_3,534,3,3,1,2,0.3333333333333333,,,,True
diag_3,933,3,3,0,3,0.0,,,,True
diag_3,314,3,3,1,2,0.3333333333333333,,,,True
diag_3,214,3,3,0,3,0.0,,,,True
diag_3,685,3,3,0,3,0.0,,,,True
diag_3,919,3,3,0,3,0.0,,,,True
diag_3,862,3,3,0,3,0.0,,,,True
diag_3,170,3,3,0,3,0.0,,,,True
diag_3,299,3,3,0,3,0.0,,,,True
diag_3,655,3,3,0,3,0.0,,,,True
diag_3,235,3,3,0,3,0.0,,,,True
diag_3,866,3,3,0,3,0.0,,,,True
diag_3,259,3,3,0,3,0.0,,,,True
diag_3,258,3,3,0,3,0.0,,,,True
diag_3,268,3,3,0,3,0.0,,,,True
diag_3,323,3,3,0,3,0.0,,,,True
diag_3,844,3,3,1,2,0.3333333333333333,,,,True
diag_3,452,3,3,2,1,0.6666666666666666,,,,True
diag_3,529,3,3,0,3,0.0,,,,True
diag_3,801,3,3,1,2,0.3333333333333333,,,,True
diag_3,966,3,3,0,3,0.0,,,,True
diag_3,E920,3,3,0,3,0.0,,,,True
diag_3,78,3,3,0,3,0.0,,,,True
diag_3,5,3,3,0,3,0.0,,,,True
diag_3,470,3,3,0,3,0.0,,,,True
diag_3,816,3,3,1,2,0.3333333333333333,,,,True
diag_3,445,3,3,0,3,0.0,,,,True
diag_3,417,3,3,0,3,0.0,,,,True
diag_3,132,3,2,0,3,0.0,,,,True
diag_3,720,3,3,0,3,0.0,,,,True
diag_3,161,3,3,0,3,0.0,,,,True
diag_3,353,3,3,0,3,0.0,,,,True
diag_3,912,3,3,0,3,0.0,,,,True
diag_3,842,3,3,0,3,0.0,,,,True
diag_3,E858,2,2,0,2,0.0,,,,True
diag_3,E817,2,2,1,1,0.5,,,,True
diag_3,E855,2,2,0,2,0.0,,,,True
diag_3,911,2,2,0,2,0.0,,,,True
diag_3,E924,2,2,0,2,0.0,,,,True
diag_3,V25,2,2,0,2,0.0,,,,True
diag_3,E901,2,2,0,2,0.0,,,,True
diag_3,928,2,2,0,2,0.0,,,,True
diag_3,V06,2,2,0,2,0.0,,,,True
diag_3,948,2,2,0,2,0.0,,,,True
diag_3,956,2,2,0,2,0.0,,,,True
diag_3,E813,2,2,0,2,0.0,,,,True
diag_3,E956,2,2,0,2,0.0,,,,True
diag_3,989,2,2,1,1,0.5,,,,True
diag_3,E946,2,2,1,1,0.5,,,,True
diag_3,E943,2,2,0,2,0.0,,,,True
diag_3,E919,2,2,0,2,0.0,,,,True
diag_3,E980,2,2,0,2,0.0,,,,True
diag_3,11,2,2,1,1,0.5,,,,True
diag_3,V86,2,2,0,2,0.0,,,,True
diag_3,384,2,2,0,2,0.0,,,,True
diag_3,216,2,2,0,2,0.0,,,,True
diag_3,373,2,2,0,2,0.0,,,,True
diag_3,814,2,2,0,2,0.0,,,,True
diag_3,223,2,2,1,1,0.5,,,,True
diag_3,797,2,2,0,2,0.0,,,,True
diag_3,670,2,2,0,2,0.0,,,,True
diag_3,245,2,2,0,2,0.0,,,,True
diag_3,795,2,2,0,2,0.0,,,,True
diag_3,759,2,2,0,2,0.0,,,,True
diag_3,3,2,2,0,2,0.0,,,,True
diag_3,192,2,2,1,1,0.5,,,,True
diag_3,377,2,2,0,2,0.0,,,,True
diag_3,735,2,2,0,2,0.0,,,,True
diag_3,341,2,2,1,1,0.5,,,,True
diag_3,350,2,2,0,2,0.0,,,,True
diag_3,376,2,2,0,2,0.0,,,,True
diag_3,703,2,2,0,2,0.0,,,,True
diag_3,702,2,2,0,2,0.0,,,,True
diag_3,690,2,2,0,2,0.0,,,,True
diag_3,374,2,2,0,2,0.0,,,,True
diag_3,460,2,2,0,2,0.0,,,,True
diag_3,822,2,2,0,2,0.0,,,,True
diag_3,868,2,2,0,2,0.0,,,,True
diag_3,152,2,2,1,1,0.5,,,,True
diag_3,88,2,2,0,2,0.0,,,,True
diag_3,597,2,2,1,1,0.5,,,,True
diag_3,525,2,2,0,2,0.0,,,,True
diag_3,136,2,2,0,2,0.0,,,,True
diag_3,139,2,2,0,2,0.0,,,,True
diag_3,870,2,2,0,2,0.0,,,,True
diag_3,641,2,2,0,2,0.0,,,,True
diag_3,864,2,2,0,2,0.0,,,,True
diag_3,480,2,2,0,2,0.0,,,,True
diag_3,7,2,2,0,2,0.0,,,,True
diag_3,624,2,2,0,2,0.0,,,,True
diag_3,173,2,2,0,2,0.0,,,,True
diag_3,848,2,2,0,2,0.0,,,,True
diag_3,E949,1,1,0,1,0.0,,,,True
diag_3,E966,1,1,0,1,0.0,,,,True
diag_3,E965,1,1,0,1,0.0,,,,True
diag_3,538,1,1,0,1,0.0,,,,True
diag_3,448,1,1,0,1,0.0,,,,True
diag_3,430,1,1,0,1,0.0,,,,True
diag_3,524,1,1,1,0,1.0,,,,True
diag_3,49,1,1,1,0,1.0,,,,True
diag_3,387,1,1,0,1,0.0,,,,True
diag_3,475,1,1,0,1,0.0,,,,True
diag_3,484,1,1,0,1,0.0,,,,True
diag_3,395,1,1,0,1,0.0,,,,True
diag_3,381,1,1,0,1,0.0,,,,True
diag_3,E945,1,1,0,1,0.0,,,,True
diag_3,47,1,1,0,1,0.0,,,,True
diag_3,385,1,1,0,1,0.0,,,,True
diag_3,391,1,1,1,0,1.0,,,,True
diag_3,483,1,1,0,1,0.0,,,,True
diag_3,463,1,1,0,1,0.0,,,,True
diag_3,308,1,1,0,1,0.0,,,,True
diag_3,E987,1,1,0,1,0.0,,,,True
diag_3,370,1,1,0,1,0.0,,,,True
diag_3,111,1,1,1,0,1.0,,,,True
diag_3,115,1,1,0,1,0.0,,,,True
diag_3,V70,1,1,0,1,0.0,,,,True
diag_3,122,1,1,0,1,0.0,,,,True
diag_3,123,1,1,0,1,0.0,,,,True
diag_3,14,1,1,0,1,0.0,,,,True
diag_3,146,1,1,0,1,0.0,,,,True
diag_3,148,1,1,0,1,0.0,,,,True
diag_3,158,1,1,1,0,1.0,,,,True
diag_3,164,1,1,0,1,0.0,,,,True
diag_3,17,1,1,0,1,0.0,,,,True
diag_3,175,1,1,0,1,0.0,,,,True
diag_3,186,1,1,0,1,0.0,,,,True
diag_3,193,1,1,0,1,0.0,,,,True
diag_3,195,1,1,0,1,0.0,,,,True
diag_3,215,1,1,1,0,1.0,,,,True
diag_3,217,1,1,0,1,0.0,,,,True
diag_3,226,1,1,0,1,0.0,,,,True
diag_3,236,1,1,1,0,1.0,,,,True
diag_3,243,1,1,0,1,0.0,,,,True
diag_3,265,1,1,0,1,0.0,,,,True
diag_3,27,1,1,0,1,0.0,,,,True
diag_3,271,1,1,0,1,0.0,,,,True
diag_3,V11,1,1,0,1,0.0,,,,True
diag_3,540,1,1,0,1,0.0,,,,True
diag_3,V07,1,1,0,1,0.0,,,,True
diag_3,360,1,1,0,1,0.0,,,,True
diag_3,361,1,1,0,1,0.0,,,,True
diag_3,V01,1,1,0,1,0.0,,,,True
diag_3,E922,1,1,1,0,1.0,,,,True
diag_3,893,1,1,0,1,0.0,,,,True
diag_3,542,1,1,0,1,0.0,,,,True
diag_3,967,1,1,1,0,1.0,,,,True
diag_3,953,1,1,0,1,0.0,,,,True
diag_3,955,1,1,0,1,0.0,,,,True
diag_3,837,1,1,1,0,1.0,,,,True
diag_3,834,1,1,0,1,0.0,,,,True
diag_3,811,1,1,0,1,0.0,,,,True
diag_3,800,1,1,0,1,0.0,,,,True
diag_3,970,1,1,0,1,0.0,,,,True
diag_3,838,1,1,1,0,1.0,,,,True
diag_3,972,1,1,0,1,0.0,,,,True
diag_3,987,1,1,0,1,0.0,,,,True
diag_3,992,1,1,0,1,0.0,,,,True
diag_3,757,1,1,0,1,0.0,,,,True
diag_3,755,1,1,1,0,1.0,,,,True
diag_3,754,1,1,0,1,0.0,,,,True
diag_3,952,1,1,0,1,0.0,,,,True
diag_3,841,1,1,0,1,0.0,,,,True
diag_3,744,1,1,1,0,1.0,,,,True
diag_3,872,1,1,0,1,0.0,,,,True
diag_3,884,1,1,0,1,0.0,,,,True
diag_3,879,1,1,0,1,0.0,,,,True
diag_3,877,1,1,0,1,0.0,,,,True
diag_3,876,1,1,0,1,0.0,,,,True
diag_3,918,1,1,0,1,0.0,,,,True
diag_3,875,1,1,0,1,0.0,,,,True
diag_3,871,1,1,0,1,0.0,,,,True
diag_3,944,1,1,0,1,0.0,,,,True
diag_3,863,1,1,0,1,0.0,,,,True
diag_3,930,1,1,0,1,0.0,,,,True
diag_3,854,1,1,0,1,0.0,,,,True
diag_3,852,1,1,0,1,0.0,,,,True
diag_3,935,1,1,0,1,0.0,,,,True
diag_3,943,1,1,0,1,0.0,,,,True
diag_3,750,1,1,1,0,1.0,,,,True
diag_3,734,1,1,0,1,0.0,,,,True
diag_3,57,1,1,0,1,0.0,,,,True
diag_3,E892,1,1,0,1,0.0,,,,True
diag_3,66,1,1,0,1,0.0,,,,True
diag_3,E882,1,1,0,1,0.0,,,,True
diag_3,E883,1,1,0,1,0.0,,,,True
diag_3,657,1,1,0,1,0.0,,,,True
diag_3,643,1,1,0,1,0.0,,,,True
diag_3,E886,1,1,0,1,0.0,,,,True
diag_3,890,1,1,1,0,1.0,,,,True
diag_3,671,1,1,0,1,0.0,,,,True
diag_3,622,1,1,0,1,0.0,,,,True
diag_3,E904,1,1,0,1,0.0,,,,True
diag_3,603,1,1,0,1,0.0,,,,True
diag_3,602,1,1,1,0,1.0,,,,True
diag_3,E912,1,1,1,0,1.0,,,,True
diag_3,E915,1,1,0,1,0.0,,,,True
diag_3,669,1,1,0,1,0.0,,,,True
diag_3,E876,1,1,1,0,1.0,,,,True
diag_3,E815,1,1,0,1,0.0,,,,True
diag_3,697,1,1,0,1,0.0,,,,True
diag_3,732,1,1,0,1,0.0,,,,True
diag_3,706,1,1,0,1,0.0,,,,True
diag_3,E822,1,1,0,1,0.0,,,,True
diag_3,E825,1,1,0,1,0.0,,,,True
diag_3,E826,1,1,0,1,0.0,,,,True
diag_3,E828,1,1,0,1,0.0,,,,True
diag_3,E852,1,1,0,1,0.0,,,,True
diag_3,674,1,1,0,1,0.0,,,,True
diag_3,E853,1,1,0,1,0.0,,,,True
diag_3,E854,1,1,0,1,0.0,,,,True
diag_3,684,1,1,0,1,0.0,,,,True
diag_3,E861,1,1,0,1,0.0,,,,True
diag_3,E864,1,1,0,1,0.0,,,,True
diag_3,E865,1,1,0,1,0.0,,,,True
diag_3,E900,1,1,0,1,0.0,,,,True
